,task,seed,algorithm,K,num_atoms,num_contrastive_parameters,gamma,extra_theta_factor,hidden_features,num_blocks,AVG_LOG_RATIO,RT,C2ST_Z-01,MMD-01,MEDDIST-01,NLTP-01,C2ST_Z-02,MMD-02,MEDDIST-02,NLTP-02,C2ST_Z-03,MMD-03,MEDDIST-03,NLTP-03,C2ST_Z-04,MMD-04,MEDDIST-04,NLTP-04,C2ST_Z-05,MMD-05,MEDDIST-05,NLTP-05,C2ST_Z-06,MMD-06,MEDDIST-06,NLTP-06,C2ST_Z-07,MMD-07,MEDDIST-07,NLTP-07,C2ST_Z-08,MMD-08,MEDDIST-08,NLTP-08,C2ST_Z-09,MMD-09,MEDDIST-09,NLTP-09,C2ST_Z-10,MMD-10,MEDDIST-10,NLTP-10,NLTP,num_simulations_simulator,path,folder,reuse
0,slcp,1439124349,NRE-B,100,100,100,,False,128,3,6.025035,57.923160807291666,0.9428,0.07539725,20.424616,,0.9094,0.029595017,23.123789,,0.87755,0.05243087,26.443136,,0.9485,0.11743617,2.9277058,,0.85345,0.03438866,24.566525,,0.8269,0.006890774,11.386772,,0.9705,0.19873834,29.332108,,0.94,0.090144515,23.77428,,0.8445,0.010745406,9.658177,,0.96185,0.2319544,1.4116551,,,22528.0,/home/ben/sci/fix-cnre/infinite/fixed-validation-loss/2024-06-28/11-26-09/5,5,
1,slcp,4144649394,NRE-B,10,10,10,,False,128,3,-124.02362,39.238810221354164,0.94775,0.059518814,19.275768,,0.91065,0.22670293,23.048443,,0.9196,0.13522184,25.545338,,0.9532,0.23464686,2.9329681,,0.93805,0.15543747,24.073376,,0.8807,0.03977382,10.558732,,0.9661,0.09125531,30.439724,,0.9278,0.14693451,23.09249,,0.8898,0.13314843,9.136116,,0.95505,0.19036192,1.4911882,,,22528.0,/home/ben/sci/fix-cnre/infinite/fixed-validation-loss/2024-06-28/11-26-09/1,1,
2,slcp,448487217,NRE-B,75,75,75,,False,128,3,10.691355,95.57957356770834,0.9689,0.19186342,18.570951,,0.92165,0.17428184,23.152866,,0.92905,0.06621909,28.223278,,0.94065,0.08965576,2.875187,,0.9301,0.28231215,27.05088,,0.864,0.09051752,13.29427,,0.97965,0.25521696,28.477283,,0.96,0.08378768,23.526543,,0.8804,0.06989324,9.888889,,0.9261,0.08248216,1.7242061,,,22528.0,/home/ben/sci/fix-cnre/infinite/fixed-validation-loss/2024-06-28/11-26-09/4,4,
3,slcp,1153447937,NRE-B,2,2,2,,False,128,3,-106.49019,27.492230224609376,0.9401,0.026528,20.39486,,0.87505,0.055602312,23.324112,,0.78145,0.06057,25.627499,,0.92175,0.06948829,3.5817223,,0.8427,0.10776496,23.090275,,0.78955,0.0049841404,10.848791,,0.95785,0.1408869,29.665478,,0.94605,0.06442118,25.332193,,0.81825,0.020522475,10.202002,,0.9069,0.11680794,1.8815242,,,22528.0,/home/ben/sci/fix-cnre/infinite/fixed-validation-loss/2024-06-28/11-26-09/0,0,
4,slcp,2088804481,NRE-B,200,200,200,,False,128,3,9.231542,89.7205322265625,0.92665,0.09777999,19.99194,,0.91155,0.04364884,22.723274,,0.8567,0.08345926,25.395409,,0.9645,0.33411032,3.219298,,0.89295,0.12220454,21.75758,,0.8469,0.008072376,10.783207,,0.9783,0.11143911,29.911022,,0.94435,0.064546466,23.632034,,0.88655,0.055187464,9.894724,,0.92395,0.07116008,1.5877268,,,22528.0,/home/ben/sci/fix-cnre/infinite/fixed-validation-loss/2024-06-28/11-26-09/7,7,
5,slcp,462072168,NRE-B,50,50,50,,False,128,3,13.453249,35.60517985026042,0.94885,0.08978486,19.966911,,0.93985,0.123728156,22.195202,,0.8638,0.028336287,26.152023,,0.95845,0.13172507,3.6253467,,0.9471,0.22612059,21.625721,,0.8462,0.021516442,11.942954,,0.96625,0.19234896,29.637379,,0.9429,0.214046,24.563112,,0.88725,0.06527841,8.850085,,0.8693,0.041123748,2.1998172,,,22528.0,/home/ben/sci/fix-cnre/infinite/fixed-validation-loss/2024-06-28/11-26-09/3,3,
6,slcp,2266536374,NRE-B,150,150,150,,False,128,3,5.9522886,77.0559814453125,0.9604,0.03513038,19.042133,,0.93535,0.22037423,22.523933,,0.94995,0.061846495,24.037498,,0.94585,0.20586056,2.7150016,,0.95675,0.09647226,24.265474,,0.83285,0.014280319,10.45981,,0.9774,0.025490046,29.270388,,0.9419,0.068992496,24.312943,,0.869,0.06331909,9.101759,,0.9559,0.13786209,1.9232817,,,22528.0,/home/ben/sci/fix-cnre/infinite/fixed-validation-loss/2024-06-28/11-26-09/6,6,
7,slcp,800527029,NRE-B,25,25,25,,False,128,3,-62.44857,62.482112630208334,0.95265,0.22429895,20.826412,,0.88385,0.062259316,22.59446,,0.92515,0.24177861,25.812904,,0.95425,0.14046454,3.0713034,,0.97135,0.33761168,27.270393,,0.9073,0.19676328,10.313984,,0.97795,0.21514082,30.208748,,0.93725,0.06500161,23.375885,,0.8662,0.07072163,9.386293,,0.96465,0.43942112,1.3197836,,,22528.0,/home/ben/sci/fix-cnre/infinite/fixed-validation-loss/2024-06-28/11-26-09/2,2,
8,slcp,3323087663,CNRE,24,24,25,0.1,0,128,3,4.602872,25.55142822265625,0.8647,0.011900425,19.817959,,0.80135,0.01019156,22.857433,,0.75395,0.017455697,27.490452,,0.91795,0.080887735,3.3927631,,0.73935,0.019266248,23.930222,,0.72025,0.0041840076,11.613169,,0.92305,0.06626117,29.150032,,0.87655,0.0053845644,24.88041,,0.7628,0.020541787,10.235709,,0.8603,0.047631502,1.9183334,,,22528.0,/home/ben/sci/fix-cnre/infinite/fixed-validation-loss/2024-06-28/11-26-30/15,15,False
9,slcp,874484611,CNRE,99,99,100,1.0,0,128,3,5.451024,52.10665283203125,0.88425,0.018060565,19.43332,,0.84725,0.019874454,23.347488,,0.7927,0.016388178,25.298424,,0.9408,0.045607805,3.6939616,,0.71495,0.0029529333,24.399345,,0.75105,0.0029916763,11.524916,,0.94865,0.03230536,29.68704,,0.9291,0.0082246065,24.602776,,0.8,0.00887692,9.898756,,0.8883,0.07195914,1.9934447,,,22528.0,/home/ben/sci/fix-cnre/infinite/fixed-validation-loss/2024-06-28/11-26-30/32,32,False
10,slcp,1648172954,CNRE,99,99,100,0.001,0,128,3,4.877137,53.61800944010417,0.8825,0.02771902,19.749542,,0.8192,0.043618083,23.26622,,0.71995,0.00464046,26.66946,,0.92265,0.09325516,3.0835586,,0.6928,0.0034650564,24.799528,,0.7072,0.009693265,11.614851,,0.90185,0.03846848,29.700089,,0.88385,0.057022452,24.762505,,0.7374,0.009544969,9.919376,,0.87475,0.0829978,1.7235293,,,22528.0,/home/ben/sci/fix-cnre/infinite/fixed-validation-loss/2024-06-28/11-26-30/35,35,False
11,slcp,2272564392,CNRE,1,1,2,0.001,0,128,3,5.0085897,19.2693603515625,0.9066,0.018740535,19.284864,,0.83,0.038466334,22.90839,,0.87515,0.017227054,26.1506,,0.91355,0.12116337,3.3479407,,0.6955,0.012740731,23.338291,,0.7576,0.007065773,11.054161,,0.9639,0.018196225,29.19284,,0.89515,0.044177055,24.8111,,0.73125,0.021745086,10.633433,,0.87445,0.032465816,1.7750219,,,22528.0,/home/ben/sci/fix-cnre/infinite/fixed-validation-loss/2024-06-28/11-26-30/5,5,False
12,slcp,4259201113,CNRE,49,49,50,0.01,0,128,3,4.5761566,34.80613606770833,0.86365,0.024675846,19.81673,,0.7655,0.008819222,22.910389,,0.7053,0.0030670166,25.640545,,0.9328,0.06684816,3.5825334,,0.77075,0.015467644,23.468147,,0.76725,0.025876045,11.760149,,0.91025,0.034716845,29.333675,,0.9406,0.034096956,25.20339,,0.7597,0.008156657,9.796635,,0.8608,0.053604126,1.8952205,,,22528.0,/home/ben/sci/fix-cnre/infinite/fixed-validation-loss/2024-06-28/11-26-30/22,22,False
13,slcp,3769385873,CNRE,74,74,75,0.01,0,128,3,4.637377,44.65426432291667,0.86975,0.022914767,19.657907,,0.7853,0.015750885,23.104593,,0.6979,0.005421281,26.326271,,0.91565,0.049253583,3.070178,,0.7705,0.026529074,24.445732,,0.77145,0.007508993,12.025158,,0.94035,0.02097106,29.644382,,0.8972,0.0193429,25.098427,,0.779,0.012968063,10.310363,,0.8213,0.04601407,2.1156194,,,22528.0,/home/ben/sci/fix-cnre/infinite/fixed-validation-loss/2024-06-28/11-26-30/28,28,False
14,slcp,2009634433,CNRE,9,9,10,0.1,0,128,3,4.5616245,19.63075968424479,0.8879,0.019047737,20.26284,,0.8511,0.03700137,23.023005,,0.7556,0.0023436546,26.469986,,0.9201,0.10220063,3.572209,,0.74425,0.00676775,23.731297,,0.7449,0.012255788,11.612623,,0.95345,0.02048564,29.666569,,0.88845,0.011757135,24.82438,,0.7768,0.015051007,10.7526,,0.82065,0.041790426,2.4663343,,,22528.0,/home/ben/sci/fix-cnre/infinite/fixed-validation-loss/2024-06-28/11-26-30/9,9,False
15,slcp,814242655,CNRE,9,9,10,0.01,0,128,3,4.994542,21.00776570638021,0.8555,0.008199692,20.074623,,0.79925,0.05379784,22.821232,,0.71245,0.01438272,25.619982,,0.91965,0.10686582,3.0633297,,0.7948,0.007299781,25.185307,,0.7336,0.008540273,10.674721,,0.91825,0.013584852,29.225334,,0.90175,0.014477611,25.221966,,0.73445,0.0062521696,10.17683,,0.7719,0.028775334,2.2077293,,,22528.0,/home/ben/sci/fix-cnre/infinite/fixed-validation-loss/2024-06-28/11-26-30/10,10,False
16,slcp,349336027,CNRE,1,1,2,10.0,0,128,3,3.4451823,19.157041422526042,0.92325,0.048904777,19.832644,,0.90815,0.045030475,22.437176,,0.8543,0.029604435,25.332798,,0.96165,0.11259025,2.6102502,,0.80655,0.012867451,23.544868,,0.8732,0.019835472,10.63314,,0.96615,0.06423795,30.352634,,0.9349,0.011359692,24.743176,,0.87845,0.030296326,10.984358,,0.91665,0.13160914,2.2890406,,,22528.0,/home/ben/sci/fix-cnre/infinite/fixed-validation-loss/2024-06-28/11-26-30/1,1,False
17,slcp,1873670846,CNRE,199,199,200,100.0,0,128,3,5.2105036,91.79208984375,0.91595,0.041036606,19.614246,,0.8777,0.0672822,22.533985,,0.8462,0.14890599,26.605095,,0.9344,0.050446987,3.3199296,,0.8462,0.115373254,24.595848,,0.7966,0.04630518,10.599539,,0.96135,0.11231661,29.948738,,0.91585,0.10396433,24.089333,,0.86605,0.08534503,9.609775,,0.94135,0.08528024,1.5802176,,,22528.0,/home/ben/sci/fix-cnre/infinite/fixed-validation-loss/2024-06-28/11-26-30/42,42,False
18,slcp,3144444132,CNRE,199,199,200,0.001,0,128,3,4.9162664,88.83670247395834,0.84615,0.011541367,19.9664,,0.79675,0.015532613,22.888702,,0.77765,0.011084318,25.755962,,0.92535,0.14586812,3.2907674,,0.73415,0.0044612885,24.263859,,0.71005,0.007536173,11.903625,,0.94105,0.005113125,29.365665,,0.90535,0.05670595,24.496368,,0.7895,0.026222587,10.547506,,0.8187,0.029356122,1.9278095,,,22528.0,/home/ben/sci/fix-cnre/infinite/fixed-validation-loss/2024-06-28/11-26-30/47,47,False
19,slcp,68685364,CNRE,49,49,50,100.0,0,128,3,4.8282166,34.81825358072917,0.92865,0.0067653656,19.410746,,0.9007,0.124657154,21.220322,,0.8396,0.09478426,25.864452,,0.9523,0.05780965,3.496253,,0.8121,0.049862146,23.597992,,0.83585,0.030710816,10.611618,,0.9557,0.074670315,29.815117,,0.92795,0.007217884,24.277525,,0.8341,0.023365617,9.6791115,,0.8967,0.031043887,1.947593,,,22528.0,/home/ben/sci/fix-cnre/infinite/fixed-validation-loss/2024-06-28/11-26-30/18,18,False
20,slcp,2884364814,CNRE,49,49,50,0.1,0,128,3,4.3821344,35.75454915364583,0.90425,0.03012371,19.56924,,0.8304,0.019980192,22.563951,,0.71615,0.004761696,26.232067,,0.92785,0.12407893,3.9733434,,0.7446,0.005634427,23.472242,,0.7709,0.010855079,11.332735,,0.9617,0.06294143,29.971405,,0.89465,0.021142125,25.116611,,0.835,0.039596796,10.409475,,0.88635,0.056152225,1.8396556,,,22528.0,/home/ben/sci/fix-cnre/infinite/fixed-validation-loss/2024-06-28/11-26-30/21,21,False
21,slcp,3658443553,CNRE,74,74,75,100.0,0,128,3,4.885243,46.11446940104167,0.92705,0.00555861,18.889908,,0.8665,0.09032738,23.751972,,0.9006,0.07683039,24.712975,,0.9366,0.061685383,3.6982594,,0.78375,0.017012477,23.947937,,0.8407,0.0226295,10.661821,,0.98165,0.14023948,30.122543,,0.9571,0.072155714,25.740683,,0.8656,0.06150174,10.783541,,0.92155,0.104584575,1.8783476,,,22528.0,/home/ben/sci/fix-cnre/infinite/fixed-validation-loss/2024-06-28/11-26-30/24,24,False
22,slcp,2455058233,CNRE,24,24,25,0.001,0,128,3,4.745054,28.431524658203124,0.8757,0.013777256,19.746378,,0.79385,0.01609683,22.815842,,0.80025,0.027198672,25.413046,,0.92825,0.04423797,3.6080146,,0.66605,0.0049363375,24.514198,,0.74905,0.013930321,11.630136,,0.932,0.01900065,29.759571,,0.8851,0.0070934296,24.600216,,0.757,0.01587689,10.372656,,0.88845,0.048139095,1.7865338,,,22528.0,/home/ben/sci/fix-cnre/infinite/fixed-validation-loss/2024-06-28/11-26-30/17,17,False
23,slcp,2251179460,CNRE,1,1,2,0.01,0,128,3,4.790626,18.639558919270833,0.8941,0.03093636,19.910347,,0.8181,0.038273692,23.205475,,0.7316,0.034722924,26.087757,,0.9204,0.0604012,3.3625975,,0.7993,0.009758949,24.2033,,0.7721,0.012600541,11.371653,,0.9685,0.04179299,29.224823,,0.9068,0.0028640032,24.619963,,0.7522,0.0026632547,9.762123,,0.84055,0.054892182,1.8811948,,,22528.0,/home/ben/sci/fix-cnre/infinite/fixed-validation-loss/2024-06-28/11-26-30/4,4,False
24,slcp,3176133755,CNRE,1,1,2,100.0,0,128,3,3.3408518,21.036204020182293,0.9321,0.02496326,19.732338,,0.8918,0.03737521,23.021088,,0.8117,0.011091828,25.98691,,0.9605,0.15351039,3.801457,,0.82145,0.014918685,23.718397,,0.84695,0.03181684,11.907534,,0.9698,0.09384751,29.862827,,0.932,0.037715673,25.980602,,0.9062,0.1377958,10.441835,,0.93905,0.09729928,2.159533,,,22528.0,/home/ben/sci/fix-cnre/infinite/fixed-validation-loss/2024-06-28/11-26-30/0,0,False
25,slcp,3365403666,CNRE,49,49,50,0.001,0,128,3,4.898181,35.28611653645833,0.87535,0.016927004,19.45816,,0.82955,0.044203997,22.674839,,0.7279,0.011258602,25.721817,,0.90905,0.020620942,3.364911,,0.81535,0.03738916,23.196198,,0.7478,0.011341214,11.068565,,0.9418,0.08990908,30.237816,,0.8656,0.026845336,24.977728,,0.77685,0.0131572485,10.590702,,0.8442,0.03057909,1.79512,,,22528.0,/home/ben/sci/fix-cnre/infinite/fixed-validation-loss/2024-06-28/11-26-30/23,23,False
26,slcp,196118655,CNRE,99,99,100,0.1,0,128,3,4.6809716,54.14408772786458,0.88445,0.02846694,19.949238,,0.7941,0.012872338,22.680187,,0.69575,0.006908536,25.924667,,0.92225,0.1125797,3.7062411,,0.8674,0.028817177,24.005783,,0.7636,0.0058757067,11.040986,,0.9326,0.103949666,29.328568,,0.88245,0.024846911,24.381065,,0.76815,0.010450959,10.845762,,0.8996,0.18377095,1.8248839,,,22528.0,/home/ben/sci/fix-cnre/infinite/fixed-validation-loss/2024-06-28/11-26-30/33,33,False
27,slcp,1093472292,CNRE,24,24,25,10.0,0,128,3,5.451844,27.855965169270835,0.9456,0.012037635,19.741495,,0.8365,0.016690731,22.444122,,0.8176,0.09020066,26.853699,,0.93235,0.107151866,3.8595743,,0.7862,0.0433414,23.360046,,0.7807,0.03997624,11.589853,,0.93725,0.020973325,29.901705,,0.9538,0.08900583,24.294922,,0.8194,0.022809029,10.254483,,0.86565,0.049223483,2.3067243,,,22528.0,/home/ben/sci/fix-cnre/infinite/fixed-validation-loss/2024-06-28/11-26-30/13,13,False
28,slcp,3209063865,CNRE,149,149,150,0.1,0,128,3,4.5435624,71.3306396484375,0.86405,0.017209888,19.336727,,0.7511,0.0060772896,22.920193,,0.76365,0.012639046,26.255114,,0.9188,0.056150317,3.4897902,,0.72845,0.051784635,24.05155,,0.73025,0.0023777485,10.957565,,0.953,0.027646422,29.545033,,0.90035,0.01756525,23.768217,,0.76855,0.013202548,10.000671,,0.87565,0.051602244,2.0012798,,,22528.0,/home/ben/sci/fix-cnre/infinite/fixed-validation-loss/2024-06-28/11-26-30/39,39,False
29,slcp,4039721504,CNRE,24,24,25,0.01,0,128,3,4.8284035,25.80033162434896,0.882,0.041545272,19.467442,,0.82735,0.03897667,22.395664,,0.71275,0.01627469,26.660805,,0.92925,0.12740827,3.1586936,,0.69325,0.0088579655,24.270294,,0.70035,0.006803274,11.763361,,0.94995,0.045214772,29.475338,,0.89595,0.014159203,23.809584,,0.81095,0.021372795,10.909624,,0.887,0.034623623,1.7459724,,,22528.0,/home/ben/sci/fix-cnre/infinite/fixed-validation-loss/2024-06-28/11-26-30/16,16,False
30,slcp,4006597638,CNRE,9,9,10,0.001,0,128,3,4.9689426,21.520560709635415,0.8573,0.029929757,19.377693,,0.7866,0.015222192,22.543533,,0.7403,0.015796542,27.081478,,0.91945,0.05511129,3.399557,,0.7,0.020186305,23.559042,,0.719,0.0105314255,11.206594,,0.9188,0.035683274,29.769619,,0.88785,0.029185176,24.396038,,0.78705,0.017069817,9.583054,,0.90405,0.047337174,1.727572,,,22528.0,/home/ben/sci/fix-cnre/infinite/fixed-validation-loss/2024-06-28/11-26-30/11,11,False
31,slcp,3703543477,CNRE,49,49,50,1.0,0,128,3,5.33073,34.502811686197916,0.9196,0.05257559,19.737926,,0.8279,0.034994602,22.403461,,0.7352,0.018725991,25.769438,,0.9254,0.12339014,3.220653,,0.7493,0.04054427,23.100414,,0.7675,0.0034732819,10.612278,,0.9444,0.047850728,29.400875,,0.90085,0.007896185,23.931297,,0.7686,0.015945077,10.100839,,0.8302,0.030519366,2.0129137,,,22528.0,/home/ben/sci/fix-cnre/infinite/fixed-validation-loss/2024-06-28/11-26-30/20,20,False
32,slcp,4174454451,CNRE,9,9,10,10.0,0,128,3,4.361042,18.830318196614584,0.9323,0.030558944,19.106161,,0.88685,0.052295327,22.865574,,0.8671,0.029170275,25.660593,,0.95815,0.1432901,3.6076627,,0.7454,0.0027618408,24.005554,,0.8077,0.016182184,11.95125,,0.95505,0.01571834,29.88193,,0.9377,0.008850217,24.561745,,0.8309,0.026007533,10.229532,,0.89415,0.07516074,2.5860367,,,22528.0,/home/ben/sci/fix-cnre/infinite/fixed-validation-loss/2024-06-28/11-26-30/7,7,False
33,slcp,3148516006,CNRE,74,74,75,0.1,0,128,3,5.095098,55.73755696614583,0.843,0.007847309,19.921421,,0.82045,0.056547046,23.181053,,0.79835,0.01260674,25.770187,,0.91715,0.081612766,3.4220226,,0.827,0.031035304,24.006786,,0.70105,0.0060144663,11.15135,,0.96115,0.074496746,28.655375,,0.8841,0.0053093433,24.500454,,0.759,0.0073958635,10.1026325,,0.8157,0.051902413,2.112648,,,22528.0,/home/ben/sci/fix-cnre/infinite/fixed-validation-loss/2024-06-28/11-26-30/27,27,False
34,slcp,813123261,CNRE,74,74,75,0.001,0,128,3,4.776351,43.86944580078125,0.8788,0.012696385,19.86652,,0.88655,0.041288137,23.737133,,0.79515,0.01392889,25.680676,,0.92985,0.09939301,3.2548707,,0.82915,0.03726363,23.33315,,0.7564,0.0094691515,11.25152,,0.95875,0.023496747,29.58929,,0.8946,0.0044999123,24.374535,,0.7895,0.013022184,10.205836,,0.8457,0.0641588,1.8474936,,,22528.0,/home/ben/sci/fix-cnre/infinite/fixed-validation-loss/2024-06-28/11-26-30/29,29,False
35,slcp,2950888335,CNRE,1,1,2,0.1,0,128,3,4.400512,18.734259033203124,0.9226,0.0081528425,19.645386,,0.83115,0.020260334,23.438011,,0.84065,0.02047491,26.104977,,0.9246,0.123096526,4.22458,,0.83365,0.045122385,23.8525,,0.78555,0.0043535233,12.004764,,0.95725,0.04569912,29.311302,,0.92285,0.032390118,24.726677,,0.8328,0.054584026,11.782509,,0.89675,0.17590237,2.610667,,,22528.0,/home/ben/sci/fix-cnre/infinite/fixed-validation-loss/2024-06-28/11-26-30/3,3,False
36,slcp,1216998239,CNRE,99,99,100,0.01,0,128,3,5.1325855,53.08776041666667,0.86195,0.019503474,19.623724,,0.7769,0.038944602,23.37478,,0.6978,0.012393951,26.144005,,0.9272,0.11370504,3.051927,,0.756,0.029587626,23.642357,,0.7691,0.008755684,11.382996,,0.9265,0.033104658,28.96168,,0.89105,0.068208694,24.984047,,0.751,0.015732765,9.966183,,0.8615,0.041176796,1.6280696,,,22528.0,/home/ben/sci/fix-cnre/infinite/fixed-validation-loss/2024-06-28/11-26-30/34,34,False
37,slcp,2036464865,CNRE,149,149,150,10.0,0,128,3,4.5558996,71.91448567708333,0.92645,0.02061057,19.13802,,0.87055,0.027501702,23.390518,,0.82185,0.0476501,25.890598,,0.9426,0.20663375,3.386439,,0.80675,0.011533856,22.824028,,0.7838,0.005667925,10.696875,,0.96475,0.07157791,29.947361,,0.9171,0.0028791428,24.576517,,0.8562,0.07617426,10.0948715,,0.92895,0.08515084,2.110183,,,22528.0,/home/ben/sci/fix-cnre/infinite/fixed-validation-loss/2024-06-28/11-26-30/37,37,False
38,slcp,128036180,CNRE,9,9,10,1.0,0,128,3,4.1718793,20.930806477864582,0.90885,0.018150806,19.452757,,0.8549,0.018809795,23.174099,,0.7742,0.00502944,25.76362,,0.9287,0.07730073,3.7789967,,0.76125,0.023088574,24.865515,,0.7891,0.012598038,11.446859,,0.9513,0.03092146,29.900967,,0.9183,0.030913472,24.630661,,0.8208,0.029175997,10.509718,,0.85315,0.045134425,2.2475252,,,22528.0,/home/ben/sci/fix-cnre/infinite/fixed-validation-loss/2024-06-28/11-26-30/8,8,False
39,slcp,2954684045,CNRE,24,24,25,100.0,0,128,3,4.962661,26.216676839192708,0.8876,0.026358843,18.94534,,0.8445,0.09987068,23.322548,,0.83665,0.016361356,25.70345,,0.9322,0.032660246,4.046456,,0.8693,0.09124303,23.271751,,0.7769,0.05913198,11.507368,,0.9524,0.049993515,30.165134,,0.92105,0.12262237,24.600307,,0.8293,0.05750239,10.889853,,0.91715,0.11525184,2.400432,,,22528.0,/home/ben/sci/fix-cnre/infinite/fixed-validation-loss/2024-06-28/11-26-30/12,12,False
40,slcp,4228822847,CNRE,24,24,25,1.0,0,128,3,4.572397,25.563651529947915,0.8863,0.028332591,19.643982,,0.81,0.02190864,22.802307,,0.7965,0.016186476,25.930227,,0.9189,0.0770303,3.3739257,,0.6777,0.018664122,24.271214,,0.74505,0.016809106,10.885149,,0.9445,0.0155210495,29.809004,,0.9116,0.013675094,24.528822,,0.81025,0.019337654,10.377911,,0.84035,0.07551527,2.3366127,,,22528.0,/home/ben/sci/fix-cnre/infinite/fixed-validation-loss/2024-06-28/11-26-30/14,14,False
41,slcp,3856842599,CNRE,74,74,75,1.0,0,128,3,4.1488457,42.81290283203125,0.89305,0.028693438,19.66985,,0.831,0.024397016,22.850784,,0.8068,0.0156852,25.181252,,0.9322,0.064745426,3.4434962,,0.78885,0.0694983,24.8227,,0.7627,0.0069748163,11.73925,,0.95235,0.06734502,29.759035,,0.9295,0.01268363,24.585499,,0.8064,0.012378693,9.935804,,0.8552,0.04219097,2.1159763,,,22528.0,/home/ben/sci/fix-cnre/infinite/fixed-validation-loss/2024-06-28/11-26-30/26,26,False
42,slcp,3800728505,CNRE,74,74,75,10.0,0,128,3,4.2738113,46.21368408203125,0.9385,0.029754043,19.289833,,0.84185,0.022291064,23.32647,,0.80455,0.08025622,25.575718,,0.9275,0.07337648,3.4637284,,0.7963,0.030198932,23.313437,,0.8572,0.045858502,11.4397335,,0.96945,0.1411705,30.078363,,0.9357,0.10228145,24.102844,,0.84785,0.016023517,10.687234,,0.9116,0.043563485,1.8620627,,,22528.0,/home/ben/sci/fix-cnre/infinite/fixed-validation-loss/2024-06-28/11-26-30/25,25,False
43,slcp,227053103,CNRE,149,149,150,0.01,0,128,3,4.6779537,70.286083984375,0.88945,0.037768602,19.925922,,0.79025,0.029845953,22.783596,,0.74385,0.010163784,25.718147,,0.90905,0.04457915,3.4516373,,0.78045,0.021793127,23.750595,,0.73835,0.015321493,12.175507,,0.9467,0.060843468,29.98318,,0.923,0.02711451,24.27558,,0.76385,0.01185441,10.531277,,0.823,0.040367782,2.126426,,,22528.0,/home/ben/sci/fix-cnre/infinite/fixed-validation-loss/2024-06-28/11-26-30/40,40,False
44,slcp,2774544103,CNRE,149,149,150,100.0,0,128,3,5.0772276,73.57007649739583,0.9066,0.016435027,19.889885,,0.86895,0.106208205,22.935024,,0.8163,0.016963601,26.0901,,0.9262,0.048123002,3.4685717,,0.88395,0.13165545,22.695353,,0.8027,0.06348753,11.871651,,0.9721,0.16726708,29.470453,,0.95065,0.0724293,23.218533,,0.8264,0.034221888,10.792995,,0.902,0.07918686,2.1271703,,,22528.0,/home/ben/sci/fix-cnre/infinite/fixed-validation-loss/2024-06-28/11-26-30/36,36,False
45,slcp,3695035669,CNRE,9,9,10,100.0,0,128,3,5.048337,20.329632568359376,0.91245,0.040594697,20.52267,,0.86265,0.025935411,22.782951,,0.7458,0.010032058,26.3892,,0.92535,0.08914167,3.302824,,0.8317,0.039747715,23.830433,,0.80855,0.00798142,10.9796505,,0.95975,0.06854117,29.953,,0.9378,0.018347383,24.283268,,0.82145,0.035098553,10.394544,,0.89625,0.13725966,1.8548174,,,22528.0,/home/ben/sci/fix-cnre/infinite/fixed-validation-loss/2024-06-28/11-26-30/6,6,False
46,slcp,748710002,CNRE,99,99,100,100.0,0,128,3,4.657774,53.0150634765625,0.9396,0.050100446,20.30701,,0.89525,0.13774526,23.312002,,0.88015,0.025501251,27.49737,,0.92315,0.038104773,3.5207863,,0.79785,0.026159763,24.31539,,0.82865,0.024739027,12.443108,,0.9605,0.15081882,29.693163,,0.92625,0.11254716,23.887686,,0.8602,0.048846483,9.567538,,0.895,0.052934885,2.1173565,,,22528.0,/home/ben/sci/fix-cnre/infinite/fixed-validation-loss/2024-06-28/11-26-30/30,30,False
47,slcp,3622120445,CNRE,99,99,100,10.0,0,128,3,4.944811,60.1282958984375,0.9269,0.0846045,20.631092,,0.869,0.05319357,23.110107,,0.9118,0.101071,26.169209,,0.95575,0.3504256,2.9412355,,0.86375,0.155195,22.2236,,0.8493,0.059168458,11.576485,,0.96475,0.14746642,31.06309,,0.96405,0.03787601,24.580212,,0.8588,0.105834365,12.825343,,0.9034,0.16504753,1.9343216,,,22528.0,/home/ben/sci/fix-cnre/infinite/fixed-validation-loss/2024-06-28/11-26-30/31,31,False
48,slcp,2046521222,CNRE,49,49,50,10.0,0,128,3,5.2324343,38.498881022135414,0.8978,0.0024110079,18.675156,,0.8666,0.09145987,23.035282,,0.8336,0.093792796,26.805292,,0.93145,0.064308345,3.6240964,,0.8081,0.051375985,23.73756,,0.7771,0.014874935,11.560554,,0.98065,0.02512753,28.759653,,0.9387,0.036994696,25.205662,,0.83315,0.025997996,9.614965,,0.8776,0.06877148,2.2935047,,,22528.0,/home/ben/sci/fix-cnre/infinite/fixed-validation-loss/2024-06-28/11-26-30/19,19,False
49,slcp,2188341052,CNRE,1,1,2,1.0,0,128,3,4.3226566,18.009039306640624,0.92245,0.029496312,19.454098,,0.88205,0.053940296,23.25446,,0.75255,0.030640125,26.070892,,0.9565,0.04392135,2.6138067,,0.8167,0.043022394,23.967089,,0.8202,0.03241527,11.297781,,0.96115,0.06406605,29.358212,,0.92425,0.03144729,24.752705,,0.86545,0.07001507,9.618259,,0.85755,0.05671686,2.168845,,,22528.0,/home/ben/sci/fix-cnre/infinite/fixed-validation-loss/2024-06-28/11-26-30/2,2,False
50,slcp,3155229778,CNRE,149,149,150,1.0,0,128,3,4.7365465,72.0790771484375,0.8928,0.015474558,19.777756,,0.81645,0.027374625,23.148542,,0.77,0.034947276,26.604801,,0.9269,0.09709561,3.4830647,,0.7651,0.022784948,22.77842,,0.75375,0.013492584,11.1965685,,0.9496,0.02843225,29.73526,,0.9478,0.027554154,24.80304,,0.8118,0.016877413,11.1879425,,0.8938,0.059420705,2.0301557,,,22528.0,/home/ben/sci/fix-cnre/infinite/fixed-validation-loss/2024-06-28/11-26-30/38,38,False
51,slcp,1939065734,CNRE,149,149,150,0.001,0,128,3,4.61835,72.66538899739584,0.87455,0.041905284,19.622952,,0.7551,0.0055903196,22.838772,,0.7513,0.044989705,26.46713,,0.9083,0.13144886,3.4771113,,0.7816,0.0215621,24.268242,,0.73945,0.0074037313,11.192854,,0.93695,0.033507943,29.429356,,0.8842,0.056061864,23.976826,,0.79705,0.019009829,10.0273285,,0.87625,0.03881681,2.3229468,,,22528.0,/home/ben/sci/fix-cnre/infinite/fixed-validation-loss/2024-06-28/11-26-30/41,41,False
52,slcp,550054126,CNRE,199,199,200,0.1,0,128,3,4.756678,94.76722819010416,0.8785,0.021298409,19.816528,,0.81745,0.030412436,23.320738,,0.73195,0.01888752,25.570358,,0.91085,0.05483985,3.4510217,,0.8184,0.05415082,23.961498,,0.7388,0.0062992573,11.100103,,0.9504,0.01969421,29.480335,,0.9064,0.027766466,25.407078,,0.7803,0.017151356,10.281822,,0.8139,0.03039813,2.1325629,,,22528.0,/home/ben/sci/fix-cnre/infinite/fixed-validation-loss/2024-06-28/11-26-30/45,45,False
53,slcp,42115368,CNRE,199,199,200,1.0,0,128,3,4.88334,90.23168131510417,0.90845,0.018105626,19.665417,,0.84515,0.08593631,22.821987,,0.78265,0.016151786,26.258034,,0.9321,0.25355923,3.5239997,,0.82265,0.10634947,23.738712,,0.80295,0.0046344995,10.371741,,0.96955,0.046617508,29.696243,,0.9392,0.023069263,24.087894,,0.84205,0.039826512,11.14937,,0.90255,0.044870257,1.7740793,,,22528.0,/home/ben/sci/fix-cnre/infinite/fixed-validation-loss/2024-06-28/11-26-30/44,44,False
54,slcp,2814756424,CNRE,199,199,200,10.0,0,128,3,4.4224916,91.67986653645833,0.93425,0.081489444,20.503052,,0.8897,0.127231,23.167084,,0.8642,0.059190273,25.822235,,0.9365,0.04815936,2.7908974,,0.8207,0.02010262,24.12014,,0.797,0.030257225,11.749437,,0.9598,0.05551505,30.043385,,0.92445,0.15345514,24.345493,,0.85425,0.06320679,9.714561,,0.90605,0.08874041,1.7135868,,,22528.0,/home/ben/sci/fix-cnre/infinite/fixed-validation-loss/2024-06-28/11-26-30/43,43,False
55,slcp,3142172659,CNRE,199,199,200,0.01,0,128,3,5.12671,89.84541829427083,0.85265,0.017673135,20.053423,,0.8118,0.049868345,22.903088,,0.6628,0.0054317713,25.955807,,0.9075,0.015808225,3.1239233,,0.7896,0.02484572,24.067513,,0.7393,0.021061897,11.401342,,0.9159,0.06153643,29.054823,,0.89635,0.030453324,25.54749,,0.7725,0.033646703,10.351162,,0.8491,0.055931687,1.8238986,,,22528.0,/home/ben/sci/fix-cnre/infinite/fixed-validation-loss/2024-06-28/11-26-30/46,46,False
