,task,seed,algorithm,K,num_atoms,num_contrastive_parameters,gamma,extra_theta_factor,reuse,hidden_features,num_blocks,AVG_LOG_RATIO,RT,C2ST_Z-01,MMD-01,MEDDIST-01,NLTP-01,C2ST_Z-02,MMD-02,MEDDIST-02,NLTP-02,C2ST_Z-03,MMD-03,MEDDIST-03,NLTP-03,C2ST_Z-04,MMD-04,MEDDIST-04,NLTP-04,C2ST_Z-05,MMD-05,MEDDIST-05,NLTP-05,C2ST_Z-06,MMD-06,MEDDIST-06,NLTP-06,C2ST_Z-07,MMD-07,MEDDIST-07,NLTP-07,C2ST_Z-08,MMD-08,MEDDIST-08,NLTP-08,C2ST_Z-09,MMD-09,MEDDIST-09,NLTP-09,C2ST_Z-10,MMD-10,MEDDIST-10,NLTP-10,NLTP,num_simulations_simulator,path,folder
0,lotka_volterra,960951598,CNRE,99,99,100,1.0,0,False,128,3,10.270556,123.32379557291667,0.9955,0.54404974,11.28261,,0.97535,0.4073071,16.553925,,0.94685,0.27167845,17.997337,,0.9992,0.693884,312.82352,,0.9552,0.2695212,15.820497,,0.9898,0.5577527,31.77253,,0.98185,0.42880246,26.153042,,0.962,0.2951225,22.148039,,0.9337,0.21927863,37.06163,,0.95565,0.35004133,29.014172,,,100000.0,/home/ben/sci/fix-cnre/infinite/sbibm/2024-07-01/07-31-27/5,5
1,lotka_volterra,2738266988,CNRE,99,99,100,1.0,0,False,128,3,3.6609077,39.72522786458333,0.9995,0.5530688,50.780014,,0.9988,0.54090774,41.004944,,0.99645,0.53879863,23.120512,,0.9997,0.5603613,633.2096,,0.99835,0.5350961,54.396698,,0.99955,0.56011796,88.30778,,0.9996,0.6323123,45.59053,,0.993,0.49835145,45.062294,,0.99705,0.51135844,88.89586,,0.9977,0.5036555,119.05491,,,1000.0,/home/ben/sci/fix-cnre/infinite/sbibm/2024-07-01/07-31-27/9,9
2,lotka_volterra,2227534949,CNRE,99,99,100,1.0,0,False,128,3,9.394778,46.392415364583336,0.99515,0.5096669,12.374174,,0.9922,0.473213,20.079052,,0.96345,0.18538833,16.127817,,0.9997,0.60123515,425.56183,,0.957,0.28088942,20.545307,,0.9892,0.49177194,32.422363,,0.9855,0.40533048,22.88389,,0.9562,0.29114857,23.01633,,0.99135,0.5911308,46.774513,,0.99585,0.46964085,52.86123,,,10000.0,/home/ben/sci/fix-cnre/infinite/sbibm/2024-07-01/07-31-27/10,10
3,lotka_volterra,2256148287,CNRE,99,99,100,1.0,0,False,128,3,8.819264,46.03414713541667,0.9954,0.4916653,12.362377,,0.99435,0.47503102,24.095627,,0.98385,0.2792479,18.682167,,0.99875,0.6248205,429.9345,,0.9624,0.3443639,18.109982,,0.99245,0.4865234,31.605244,,0.9841,0.5449423,21.73539,,0.98505,0.46473017,25.572582,,0.97145,0.36275393,42.995167,,0.99205,0.44411117,36.822464,,,10000.0,/home/ben/sci/fix-cnre/infinite/sbibm/2024-07-01/07-31-27/1,1
4,lotka_volterra,3549010460,CNRE,99,99,100,1.0,0,False,128,3,9.162837,46.538639322916666,0.9967,0.53819,12.823557,,0.98535,0.42117906,16.732277,,0.9534,0.30770725,18.05342,,0.99455,0.3870672,320.8147,,0.97165,0.3787108,16.897518,,0.99485,0.48542732,40.314938,,0.99375,0.666461,25.664024,,0.9738,0.36652127,23.021492,,0.987,0.31467018,44.592926,,0.9866,0.44913387,39.34472,,,10000.0,/home/ben/sci/fix-cnre/infinite/sbibm/2024-07-01/07-31-27/4,4
5,lotka_volterra,3527059120,CNRE,99,99,100,1.0,0,False,128,3,4.4121256,39.65213216145833,0.99935,0.54390365,44.12047,,0.99905,0.55204195,38.911987,,0.9991,0.5162243,44.79295,,0.99935,0.5446832,609.0753,,0.9965,0.50581145,40.32141,,0.9996,0.55364966,86.53238,,0.9997,0.63217306,35.402416,,0.9934,0.4884066,54.32978,,0.99705,0.5130765,111.07285,,0.9988,0.5321755,153.82416,,,1000.0,/home/ben/sci/fix-cnre/infinite/sbibm/2024-07-01/07-31-27/0,0
6,lotka_volterra,355950117,CNRE,99,99,100,1.0,0,False,128,3,10.640793,124.34580891927084,0.99155,0.503003,12.116994,,0.98235,0.42504638,16.400673,,0.9826,0.39575037,18.224789,,0.99185,0.4364802,306.4732,,0.95915,0.3655657,16.945078,,0.9754,0.46337053,26.576208,,0.96075,0.49428385,23.487904,,0.9937,0.24206293,29.07248,,0.9373,0.22935563,37.700058,,0.93995,0.17805648,29.778332,,,100000.0,/home/ben/sci/fix-cnre/infinite/sbibm/2024-07-01/07-31-27/11,11
7,lotka_volterra,504242527,CNRE,99,99,100,1.0,0,False,128,3,8.772986,46.488423665364586,0.99525,0.5395211,10.113685,,0.98775,0.46834922,16.756294,,0.95075,0.28023112,18.111465,,0.9995,0.6254923,358.80716,,0.98795,0.41888434,18.207767,,0.9951,0.53668725,33.34119,,0.98705,0.6215973,24.379234,,0.9444,0.34013355,23.198149,,0.9876,0.45411688,42.03808,,0.98935,0.44231138,37.72648,,,10000.0,/home/ben/sci/fix-cnre/infinite/sbibm/2024-07-01/07-31-27/7,7
8,lotka_volterra,1426866341,CNRE,99,99,100,1.0,0,False,128,3,4.806751,39.75596516927083,0.99935,0.5520949,23.725693,,0.9991,0.5411469,39.487473,,0.9984,0.5692901,26.719715,,0.9997,0.5533611,586.6728,,0.9993,0.5558457,56.769535,,0.99965,0.5604366,70.58722,,0.99975,0.6288364,49.29796,,0.991,0.4652967,51.804646,,0.9988,0.55360055,96.75231,,0.99815,0.50630814,161.99298,,,1000.0,/home/ben/sci/fix-cnre/infinite/sbibm/2024-07-01/07-31-27/3,3
9,lotka_volterra,1295072555,CNRE,99,99,100,1.0,0,False,128,3,10.058825,122.89456380208334,0.98405,0.39151546,9.010589,,0.9855,0.47832102,16.237415,,0.9497,0.1532203,17.202724,,0.9945,0.41846082,315.10513,,0.94905,0.33048484,16.75355,,0.9939,0.5174439,40.09703,,0.9662,0.51015455,21.451387,,0.98965,0.31929338,21.66769,,0.95535,0.2600482,41.71486,,0.99055,0.60029805,29.921394,,,100000.0,/home/ben/sci/fix-cnre/infinite/sbibm/2024-07-01/07-31-27/8,8
10,lotka_volterra,756214313,CNRE,99,99,100,1.0,0,False,128,3,4.4978843,39.79451090494792,0.9996,0.55707633,30.706596,,0.9988,0.54529935,34.108345,,0.9985,0.5595586,26.2247,,0.99975,0.5582608,612.03375,,0.9992,0.5572388,47.15256,,0.99925,0.5483936,58.22321,,0.9996,0.6188463,38.735497,,0.9964,0.56277275,47.32739,,0.9973,0.513723,86.378586,,0.99755,0.5321377,122.36043,,,1000.0,/home/ben/sci/fix-cnre/infinite/sbibm/2024-07-01/07-31-27/6,6
11,lotka_volterra,727300598,CNRE,99,99,100,1.0,0,False,128,3,10.178477,121.90677083333334,0.992,0.4410122,12.000247,,0.97265,0.3703611,16.032513,,0.92915,0.21617687,16.81049,,0.994,0.45565984,289.26166,,0.9632,0.24700037,17.949429,,0.97325,0.4261133,26.834255,,0.96705,0.34070906,19.828354,,0.9444,0.18649834,21.764938,,0.96175,0.32219282,44.363327,,0.96415,0.30410957,37.56148,,,100000.0,/home/ben/sci/fix-cnre/infinite/sbibm/2024-07-01/07-31-27/2,2
12,gaussian_linear,3676664838,CNRE,99,99,100,1.0,0,False,128,3,3.2362368,389.70423177083336,0.51225,0.003038168,1.4631081,,0.5162,0.0020200014,1.400053,,0.5237,0.0024491549,1.4108814,,0.53085,0.0056858063,1.5599258,,0.5095,0.0014032125,1.3060956,,0.5097,0.00038695335,1.315189,,0.5202,0.0016030073,1.3783224,,0.519,0.002552271,1.5348008,,0.5114,0.002644658,1.4071524,,0.53245,0.0039619207,1.528188,,,100000.0,/home/ben/sci/fix-cnre/infinite/sbibm/2024-06-30_das5/22-28-52/5,5
13,gaussian_linear,1729758464,CNRE,99,99,100,1.0,0,False,128,3,2.6104016,169.21057942708333,0.6685,0.04290545,1.5024867,,0.6689,0.030177474,1.3469851,,0.62655,0.023413658,1.446075,,0.7046,0.053191066,1.7007564,,0.6082,0.011373997,1.2807186,,0.6305,0.018756986,1.3048214,,0.62165,0.016175508,1.378563,,0.60945,0.021142244,1.6172159,,0.61315,0.013189435,1.3565167,,0.63855,0.026585579,1.5503578,,,1000.0,/home/ben/sci/fix-cnre/infinite/sbibm/2024-06-30_das5/22-28-52/9,9
14,gaussian_linear,1427675876,CNRE,99,99,100,1.0,0,False,128,3,3.0130587,190.28777669270832,0.56705,0.010578752,1.5164832,,0.553,0.008234382,1.4418939,,0.53245,0.0036611557,1.4045634,,0.59285,0.020498157,1.6559737,,0.53695,0.0035295486,1.3239204,,0.53155,0.0035845041,1.3265023,,0.5446,0.005416751,1.4055283,,0.5634,0.011580586,1.596491,,0.5348,0.004100561,1.409693,,0.55755,0.0095152855,1.5435395,,,10000.0,/home/ben/sci/fix-cnre/infinite/sbibm/2024-06-30_das5/22-28-52/10,10
15,gaussian_linear,2231572949,CNRE,99,99,100,1.0,0,False,128,3,2.9015372,189.57654622395833,0.57365,0.014112711,1.5124838,,0.5511,0.007059455,1.43686,,0.55275,0.0076088905,1.4518391,,0.6077,0.021300912,1.673635,,0.54385,0.004557967,1.3441038,,0.5413,0.003847599,1.344038,,0.54855,0.0076732635,1.4263449,,0.5751,0.015770555,1.64712,,0.5554,0.009201884,1.4498968,,0.5897,0.019946933,1.6059182,,,10000.0,/home/ben/sci/fix-cnre/infinite/sbibm/2024-06-30_das5/22-28-52/1,1
16,gaussian_linear,2338688999,CNRE,99,99,100,1.0,0,False,128,3,3.2830207,189.557763671875,0.5478,0.007766843,1.4982102,,0.5527,0.004747033,1.3954654,,0.55315,0.0077347755,1.4545623,,0.57185,0.010685921,1.6113219,,0.5422,0.004420638,1.2816508,,0.52805,0.002171278,1.2913926,,0.5287,0.0032999516,1.3743808,,0.5828,0.015832543,1.6055167,,0.53635,0.0051956177,1.4291909,,0.5605,0.0115042925,1.535938,,,10000.0,/home/ben/sci/fix-cnre/infinite/sbibm/2024-06-30_das5/22-28-52/4,4
17,gaussian_linear,3768548035,CNRE,99,99,100,1.0,0,False,128,3,2.864681,137.89484049479168,0.65635,0.031879187,1.5074105,,0.57865,0.0057992935,1.416096,,0.62575,0.019351363,1.414273,,0.65735,0.037867546,1.6374583,,0.6258,0.0155956745,1.2830616,,0.6619,0.026602983,1.2436621,,0.61885,0.014022231,1.3338647,,0.6632,0.02725923,1.4913784,,0.6449,0.022261739,1.3463583,,0.67985,0.042177916,1.5734295,,,1000.0,/home/ben/sci/fix-cnre/infinite/sbibm/2024-06-30_das5/22-28-52/0,0
18,gaussian_linear,4175303554,CNRE,99,99,100,1.0,0,False,128,3,2.846942,189.378515625,0.56885,0.0103513,1.4988554,,0.5568,0.008419991,1.4352326,,0.5566,0.0091866255,1.4670486,,0.626,0.02650404,1.691009,,0.5398,0.005066633,1.3129762,,0.54555,0.0069419146,1.3730025,,0.5371,0.0033254623,1.4031713,,0.6098,0.024056315,1.6569297,,0.57045,0.012254953,1.4345517,,0.5765,0.014098287,1.5527426,,,10000.0,/home/ben/sci/fix-cnre/infinite/sbibm/2024-06-30_das5/22-28-52/13,13
19,gaussian_linear,2688001615,CNRE,99,99,100,1.0,0,False,128,3,3.869892,358.12428385416666,0.51415,0.0014561415,1.4369113,,0.5169,0.0012282133,1.3814726,,0.52035,0.0022294521,1.4069138,,0.51905,0.0022363663,1.5354278,,0.5137,0.0008896589,1.2897241,,0.51495,0.0005540848,1.3079528,,0.51415,0.00068748,1.359976,,0.5208,0.0012253523,1.5133636,,0.51555,0.0016918182,1.3687344,,0.53105,0.0029023886,1.475738,,,100000.0,/home/ben/sci/fix-cnre/infinite/sbibm/2024-06-30_das5/22-28-52/11,11
20,gaussian_linear,1255894055,CNRE,99,99,100,1.0,0,False,128,3,3.578157,188.18561197916668,0.55145,0.0071964264,1.4805549,,0.54305,0.0053144693,1.4230173,,0.5327,0.0040574074,1.4284263,,0.55905,0.009637713,1.619187,,0.53175,0.0026999712,1.2941809,,0.5307,0.0022082329,1.3042644,,0.56315,0.008930206,1.3630329,,0.59525,0.022385955,1.615869,,0.5519,0.0062555075,1.3944573,,0.6071,0.02374506,1.5640359,,,10000.0,/home/ben/sci/fix-cnre/infinite/sbibm/2024-06-30_das5/22-28-52/7,7
21,gaussian_linear,1330258869,CNRE,99,99,100,1.0,0,False,128,3,2.4197485,177.24344075520833,0.6079,0.01872158,1.5365417,,0.5824,0.010780454,1.4080144,,0.6158,0.017642379,1.3890121,,0.6642,0.04036665,1.6516354,,0.61325,0.01254034,1.2679338,,0.6003,0.009864926,1.3227029,,0.60265,0.013596773,1.436609,,0.68155,0.05287683,1.694865,,0.6256,0.022733212,1.4220026,,0.6992,0.04997778,1.6452296,,,1000.0,/home/ben/sci/fix-cnre/infinite/sbibm/2024-06-30_das5/22-28-52/3,3
22,gaussian_linear,4071876096,CNRE,99,99,100,1.0,0,False,128,3,3.7181592,363.7952473958333,0.52135,0.0025599003,1.4223375,,0.5214,0.0025943518,1.3660119,,0.529,0.002772808,1.3586044,,0.53275,0.0039337873,1.5230075,,0.52085,0.003121376,1.2696272,,0.5195,0.002476573,1.2879682,,0.507,0.00084781647,1.3449016,,0.5211,0.0015436411,1.5096893,,0.5196,0.0014344454,1.3747627,,0.5188,0.0022497177,1.4892588,,,100000.0,/home/ben/sci/fix-cnre/infinite/sbibm/2024-06-30_das5/22-28-52/8,8
23,gaussian_linear,398596059,CNRE,99,99,100,1.0,0,False,128,3,2.9127638,156.1830078125,0.61745,0.02039969,1.5214417,,0.6366,0.020698547,1.378428,,0.6256,0.022432566,1.426817,,0.62785,0.021148682,1.6537402,,0.6223,0.012318492,1.3044274,,0.6064,0.015617132,1.3373256,,0.5863,0.00677979,1.3830495,,0.6114,0.019145966,1.5677364,,0.6233,0.019261956,1.4247358,,0.66235,0.036950946,1.5814977,,,1000.0,/home/ben/sci/fix-cnre/infinite/sbibm/2024-06-30_das5/22-28-52/12,12
24,gaussian_linear,975345446,CNRE,99,99,100,1.0,0,False,128,3,3.4462676,377.18121744791665,0.52045,0.0018624067,1.4685943,,0.526,0.003147006,1.4209036,,0.5212,0.0017517805,1.4128399,,0.52045,0.002807498,1.5700309,,0.5069,0.00063729286,1.3171787,,0.50395,0.0015437603,1.313995,,0.51645,0.0011651516,1.3616318,,0.52755,0.003399849,1.5588415,,0.51745,0.0020501614,1.4066427,,0.50155,0.0008946657,1.4999156,,,100000.0,/home/ben/sci/fix-cnre/infinite/sbibm/2024-06-30_das5/22-28-52/14,14
25,gaussian_linear,1518014006,CNRE,99,99,100,1.0,0,False,128,3,2.614757,168.04894205729167,0.64415,0.02071762,1.4589216,,0.6447,0.020835638,1.4114729,,0.67545,0.03426099,1.3734722,,0.71635,0.056351423,1.6400366,,0.61155,0.011131406,1.277987,,0.61915,0.0145738125,1.2704535,,0.63205,0.01820016,1.4278035,,0.6633,0.029338002,1.6322653,,0.6266,0.019751906,1.4502988,,0.6763,0.03743577,1.5182004,,,1000.0,/home/ben/sci/fix-cnre/infinite/sbibm/2024-06-30_das5/22-28-52/6,6
26,gaussian_linear,2177534315,CNRE,99,99,100,1.0,0,False,128,3,3.4857128,360.1225911458333,0.5208,0.0025041103,1.4523706,,0.52205,0.0033718348,1.372651,,0.5147,0.0008546114,1.4002066,,0.52535,0.0036358833,1.5619428,,0.51435,0.0020705462,1.2835176,,0.50965,0.0008497238,1.3083838,,0.50515,0.0010248423,1.3841677,,0.547,0.007134199,1.5466322,,0.52235,0.0012967587,1.4047741,,0.525,0.0027593374,1.4883164,,,100000.0,/home/ben/sci/fix-cnre/infinite/sbibm/2024-06-30_das5/22-28-52/2,2
27,bernoulli_glm_raw,2458403336,CNRE,99,99,100,1.0,0,False,128,3,9.083485,384.97516276041665,0.5878,0.009020805,3.6055512,,0.6014,0.040978074,4.472136,,0.5984,0.01202786,3.7416575,,0.60325,0.008122802,3.4641016,,0.6529,0.04190886,5.656854,,0.64965,0.022835612,5.0,,0.63175,0.03353727,4.7958317,,0.5866,0.004466772,3.7416575,,0.6616,0.07091105,3.6055512,,0.65235,0.03986752,5.2915025,,,100000.0,/home/ben/sci/fix-cnre/infinite/sbibm/2024-06-30_das5/22-29-27/5,5
28,bernoulli_glm_raw,547565048,CNRE,99,99,100,1.0,0,False,128,3,3.3388338,137.218798828125,0.8774,0.14194047,3.8729835,,0.95565,0.30359405,4.690416,,0.91115,0.25617445,4.358899,,0.9152,0.2280634,4.1231055,,0.9814,0.42392287,5.656854,,0.95185,0.44040307,4.8989797,,0.95835,0.3412883,5.0,,0.9077,0.19970906,4.1231055,,0.8052,0.13776863,3.7416575,,0.97325,0.4048559,5.656854,,,1000.0,/home/ben/sci/fix-cnre/infinite/sbibm/2024-06-30_das5/22-29-27/9,9
29,bernoulli_glm_raw,3419613165,CNRE,99,99,100,1.0,0,False,128,3,7.3182993,191.10509440104167,0.7366,0.12775606,3.8729835,,0.7447,0.103265405,4.472136,,0.74895,0.05894828,3.8729835,,0.77795,0.043558717,3.6055512,,0.86675,0.13336724,5.656854,,0.7984,0.11206281,5.196152,,0.77475,0.0797745,4.8989797,,0.71895,0.036945462,3.7416575,,0.7712,0.07163262,3.6055512,,0.72575,0.059569955,5.3851647,,,10000.0,/home/ben/sci/fix-cnre/infinite/sbibm/2024-06-30_das5/22-29-27/10,10
30,bernoulli_glm_raw,3270278785,CNRE,99,99,100,1.0,0,False,128,3,7.4603767,186.92872721354166,0.75105,0.116137624,3.8729835,,0.7821,0.10394311,4.472136,,0.7808,0.09669864,4.0,,0.777,0.0808959,3.7416575,,0.9053,0.19745326,5.656854,,0.7681,0.06308031,5.196152,,0.79325,0.16050798,4.690416,,0.6819,0.01449275,3.7416575,,0.79445,0.12668061,3.7416575,,0.77905,0.08107972,5.477226,,,10000.0,/home/ben/sci/fix-cnre/infinite/sbibm/2024-06-30_das5/22-29-27/1,1
31,bernoulli_glm_raw,2004160471,CNRE,99,99,100,1.0,0,False,128,3,7.443368,157.26604817708332,0.71405,0.060138106,3.7416575,,0.8129,0.1223377,4.472136,,0.79965,0.19667852,4.1231055,,0.9019,0.3143649,3.8729835,,0.87665,0.1731708,5.7445626,,0.7534,0.046641946,5.0990195,,0.8057,0.11955303,4.7958317,,0.73805,0.08642614,3.8729835,,0.75885,0.13539433,3.6055512,,0.74785,0.06525141,5.477226,,,10000.0,/home/ben/sci/fix-cnre/infinite/sbibm/2024-06-30_das5/22-29-27/4,4
32,bernoulli_glm_raw,3159559423,CNRE,99,99,100,1.0,0,False,128,3,3.745917,170.717333984375,0.86395,0.12258226,4.1231055,,0.9012,0.18589115,4.7958317,,0.9068,0.26660258,4.472136,,0.87215,0.11270213,3.8729835,,0.9931,0.52960217,5.8309517,,0.96,0.29541656,5.477226,,0.9385,0.27188626,5.0990195,,0.90675,0.30556685,4.472136,,0.8874,0.17353278,4.0,,0.9888,0.48116264,5.7445626,,,1000.0,/home/ben/sci/fix-cnre/infinite/sbibm/2024-06-30_das5/22-29-27/0,0
33,bernoulli_glm_raw,3426799463,CNRE,99,99,100,1.0,0,False,128,3,6.9760547,174.09622395833333,0.6998,0.115942,3.8729835,,0.7717,0.13601542,4.358899,,0.7433,0.058126092,3.8729835,,0.8006,0.093366265,3.6055512,,0.83995,0.1157279,5.5677643,,0.7358,0.088544965,4.8989797,,0.83155,0.21676904,4.582576,,0.79795,0.11150515,3.8729835,,0.741,0.0870353,3.4641016,,0.72245,0.041037202,5.477226,,,10000.0,/home/ben/sci/fix-cnre/infinite/sbibm/2024-06-30_das5/22-29-27/13,13
34,bernoulli_glm_raw,1498934037,CNRE,99,99,100,1.0,0,False,128,3,8.376117,433.08063151041665,0.6146,0.018054605,3.6055512,,0.61265,0.049981117,4.358899,,0.74465,0.08197832,3.7416575,,0.61415,0.03489977,3.4641016,,0.7311,0.052689075,5.5677643,,0.6648,0.028852463,5.0,,0.68485,0.09168118,4.690416,,0.6201,0.019334435,3.7416575,,0.6787,0.10218871,3.6055512,,0.5911,0.010597587,5.3851647,,,100000.0,/home/ben/sci/fix-cnre/infinite/sbibm/2024-06-30_das5/22-29-27/11,11
35,bernoulli_glm_raw,1620575236,CNRE,99,99,100,1.0,0,False,128,3,7.28498,191.59505208333334,0.6595,0.024173498,3.6055512,,0.7089,0.0648061,4.358899,,0.7672,0.09499574,4.0,,0.80065,0.06314099,3.6055512,,0.8019,0.08876157,5.7445626,,0.75735,0.06889045,4.8989797,,0.80995,0.10334575,4.7958317,,0.7747,0.12000704,3.8729835,,0.7316,0.121824145,3.4641016,,0.77245,0.07398176,5.3851647,,,10000.0,/home/ben/sci/fix-cnre/infinite/sbibm/2024-06-30_das5/22-29-27/7,7
36,bernoulli_glm_raw,2660688269,CNRE,99,99,100,1.0,0,False,128,3,3.4759297,154.13439127604167,0.94845,0.3649174,4.582576,,0.95315,0.28059632,4.7958317,,0.8975,0.20126766,4.472136,,0.9326,0.32299912,4.1231055,,0.9746,0.36471438,6.0,,0.9382,0.25617188,5.196152,,0.97305,0.38297644,5.477226,,0.8665,0.14455354,4.1231055,,0.9533,0.41235757,4.358899,,0.98995,0.5090258,5.656854,,,1000.0,/home/ben/sci/fix-cnre/infinite/sbibm/2024-06-30_das5/22-29-27/3,3
37,bernoulli_glm_raw,280298587,CNRE,99,99,100,1.0,0,False,128,3,9.344933,381.50302734375,0.60615,0.039910555,3.7416575,,0.6221,0.063308835,4.582576,,0.7076,0.14956021,4.0,,0.65715,0.10280192,3.6055512,,0.6401,0.019453764,5.5677643,,0.637,0.039625168,5.0990195,,0.6032,0.021413803,4.7958317,,0.5985,0.052026987,3.7416575,,0.614,0.04374504,3.4641016,,0.62595,0.022446036,5.3851647,,,100000.0,/home/ben/sci/fix-cnre/infinite/sbibm/2024-06-30_das5/22-29-27/8,8
38,bernoulli_glm_raw,52071605,CNRE,99,99,100,1.0,0,False,128,3,3.516563,174.09222005208332,0.8427,0.14435714,4.1231055,,0.92985,0.23137152,4.7958317,,0.9542,0.31751585,4.582576,,0.9189,0.17485404,4.0,,0.97705,0.4026098,5.91608,,0.9567,0.38878006,5.0990195,,0.95505,0.29836157,5.196152,,0.9311,0.25703335,4.2426405,,0.8859,0.2839799,4.0,,0.9934,0.5368839,5.7445626,,,1000.0,/home/ben/sci/fix-cnre/infinite/sbibm/2024-06-30_das5/22-29-27/12,12
39,bernoulli_glm_raw,2229206400,CNRE,99,99,100,1.0,0,False,128,3,8.962172,383.6193033854167,0.6477,0.029542804,3.6055512,,0.613,0.023737788,4.472136,,0.6165,0.012198687,3.7416575,,0.62555,0.024065733,3.6055512,,0.6809,0.043290854,5.656854,,0.69725,0.14620388,4.7958317,,0.6431,0.038315892,4.7958317,,0.6259,0.02255857,3.6055512,,0.65945,0.028419375,3.3166249,,0.6162,0.015797257,5.3851647,,,100000.0,/home/ben/sci/fix-cnre/infinite/sbibm/2024-06-30_das5/22-29-27/14,14
40,bernoulli_glm_raw,501137734,CNRE,99,99,100,1.0,0,False,128,3,4.024916,167.145361328125,0.90275,0.18545437,4.1231055,,0.92795,0.26295,4.690416,,0.9102,0.23900229,4.2426405,,0.8901,0.13841647,3.8729835,,0.9753,0.37168697,5.8309517,,0.9282,0.32777476,5.0,,0.9444,0.28969806,5.2915025,,0.8646,0.12820923,4.1231055,,0.8486,0.09057176,3.7416575,,0.9851,0.4358739,6.0,,,1000.0,/home/ben/sci/fix-cnre/infinite/sbibm/2024-06-30_das5/22-29-27/6,6
41,bernoulli_glm_raw,1694823463,CNRE,99,99,100,1.0,0,False,128,3,8.614573,384.25670572916664,0.6493,0.027301908,3.6055512,,0.6039,0.018241167,4.472136,,0.6109,0.00920403,3.7416575,,0.6311,0.023197293,3.6055512,,0.68175,0.025126457,5.5677643,,0.6419,0.021114826,5.0990195,,0.62705,0.020727873,4.7958317,,0.60205,0.009923458,3.7416575,,0.62365,0.023676515,3.4641016,,0.5905,0.007959247,5.3851647,,,100000.0,/home/ben/sci/fix-cnre/infinite/sbibm/2024-06-30_das5/22-29-27/2,2
42,slcp_distractors,506679376,CNRE,99,99,100,1.0,0,False,128,3,0.20291916,76.3670166015625,0.9894,0.13854766,895.6167,,0.9852,0.2552156,379.76157,,0.9759,0.08158159,386.45343,,0.9909,0.3790209,569.18085,,0.9734,0.09847081,896.62476,,0.96815,0.13836122,347.82233,,0.9937,0.10038161,1076.6138,,0.9903,0.16735256,425.60767,,0.97095,0.2377407,712.52795,,0.97615,0.44748378,351.6499,,,1000.0,/home/ben/sci/fix-cnre/infinite/sbibm/2024-06-30_das5/22-29-13/9,9
43,slcp_distractors,2475837470,CNRE,99,99,100,1.0,0,False,128,3,2.1865969,113.75703125,0.97115,0.15554643,895.77783,,0.95735,0.11786389,379.30634,,0.91805,0.014525294,387.26355,,0.98115,0.080409706,570.124,,0.93765,0.0785104,895.57513,,0.94825,0.13360214,346.04877,,0.98485,0.09584391,1077.7343,,0.975,0.08733022,424.22333,,0.9633,0.21821868,712.23755,,0.92715,0.09692693,349.12015,,,10000.0,/home/ben/sci/fix-cnre/infinite/sbibm/2024-06-30_das5/22-29-13/10,10
44,slcp_distractors,499237840,CNRE,99,99,100,1.0,0,False,128,3,1.588941,118.46796061197917,0.98125,0.21545362,894.0222,,0.95375,0.1353563,380.53906,,0.93325,0.029845,385.93683,,0.9887,0.121075034,570.66235,,0.94645,0.11822176,897.3889,,0.92895,0.060379267,347.33087,,0.984,0.22546756,1076.8464,,0.9501,0.051171064,426.6791,,0.9793,0.24498546,713.2261,,0.9374,0.19228208,350.21783,,,10000.0,/home/ben/sci/fix-cnre/infinite/sbibm/2024-06-30_das5/22-29-13/1,1
45,slcp_distractors,2572259117,CNRE,99,99,100,1.0,0,False,128,3,1.7113603,96.08993326822916,0.9784,0.17879915,895.4269,,0.9552,0.09769106,381.05966,,0.9448,0.061285257,389.1264,,0.98525,0.14858079,570.81555,,0.96405,0.1634705,897.7886,,0.95745,0.10812354,346.04156,,0.98665,0.09421432,1077.2913,,0.9638,0.03277564,427.348,,0.96245,0.16281772,712.7764,,0.9293,0.09445405,349.41217,,,10000.0,/home/ben/sci/fix-cnre/infinite/sbibm/2024-06-30_das5/22-29-13/4,4
46,slcp_distractors,2938509383,CNRE,99,99,100,1.0,0,False,128,3,0.015028734,75.26844075520833,0.9886,0.15700066,894.4556,,0.9853,0.23855472,380.81616,,0.9746,0.079340816,385.9903,,0.9923,0.3760707,569.654,,0.9724,0.0901562,897.0353,,0.9715,0.15038651,347.7572,,0.99345,0.101869464,1076.7673,,0.9905,0.136495,425.62186,,0.9666,0.2060669,711.4149,,0.97725,0.45064372,351.49652,,,1000.0,/home/ben/sci/fix-cnre/infinite/sbibm/2024-06-30_das5/22-29-13/0,0
47,slcp_distractors,243941137,CNRE,99,99,100,1.0,0,False,128,3,2.4437194,115.7893798828125,0.97675,0.07775879,894.52563,,0.93545,0.061345696,381.83514,,0.91525,0.03176117,384.85968,,0.98865,0.20509058,570.88116,,0.919,0.085651755,895.5538,,0.9134,0.026641607,347.23315,,0.9876,0.2071662,1076.6512,,0.9673,0.04993105,425.36273,,0.95325,0.18902147,711.9364,,0.92775,0.10573393,351.49915,,,10000.0,/home/ben/sci/fix-cnre/infinite/sbibm/2024-06-30_das5/22-29-13/13,13
48,slcp_distractors,1672683882,CNRE,99,99,100,1.0,0,False,128,3,1.7190596,96.24275716145833,0.99045,0.24134815,894.3911,,0.9736,0.2985505,379.94543,,0.9376,0.039960146,385.16852,,0.98335,0.20582676,572.33594,,0.93675,0.04442978,896.0299,,0.9625,0.112181425,347.6776,,0.9881,0.14925015,1077.1305,,0.96615,0.031143546,426.81467,,0.94985,0.10108119,711.74304,,0.955,0.21340334,349.7937,,,10000.0,/home/ben/sci/fix-cnre/infinite/sbibm/2024-06-30_das5/22-29-13/7,7
49,slcp_distractors,3796113704,CNRE,99,99,100,1.0,0,False,128,3,0.3394323,74.62265625,0.98905,0.10958171,894.1784,,0.98185,0.14842391,379.3236,,0.96865,0.056596756,387.45642,,0.99065,0.32188848,571.6841,,0.9682,0.06356406,896.46216,,0.9644,0.11677909,345.2948,,0.993,0.094325304,1077.9628,,0.9898,0.13263738,425.74402,,0.9669,0.18288475,712.6947,,0.9675,0.3094877,349.29742,,,1000.0,/home/ben/sci/fix-cnre/infinite/sbibm/2024-06-30_das5/22-29-13/3,3
50,slcp_distractors,2599592372,CNRE,99,99,100,1.0,0,False,128,3,0.1494697,74.716650390625,0.98975,0.16167367,895.68756,,0.9842,0.2263794,380.80298,,0.9718,0.068285584,386.53577,,0.99035,0.3182445,569.3207,,0.9714,0.068866014,896.8872,,0.9691,0.1722312,346.6484,,0.99425,0.117730975,1078.154,,0.9874,0.1126169,425.05374,,0.97055,0.20330715,711.56323,,0.9729,0.38781133,350.2564,,,1000.0,/home/ben/sci/fix-cnre/infinite/sbibm/2024-06-30_das5/22-29-13/12,12
51,slcp_distractors,88509652,CNRE,99,99,100,1.0,0,False,128,3,0.29710034,74.78850911458333,0.9896,0.14083517,894.0285,,0.9848,0.21887267,382.63623,,0.97435,0.038935304,386.6693,,0.99155,0.33664426,569.7935,,0.97185,0.055176258,897.2644,,0.96325,0.11747748,347.95856,,0.99435,0.12684262,1077.8755,,0.9924,0.1801871,426.11542,,0.9653,0.17790061,712.1969,,0.9737,0.38936067,349.8515,,,1000.0,/home/ben/sci/fix-cnre/infinite/sbibm/2024-06-30_das5/22-29-13/6,6
52,two_moons,639799490,CNRE,99,99,100,1.0,0,False,128,3,5.217328,257.920361328125,0.52515,0.0021686554,0.09065388,,0.50325,6.8068504e-05,0.089034826,,0.54135,0.0058938265,0.08914894,,0.5116,0.0011613965,0.08975789,,0.51755,0.0015087128,0.092274055,,0.54555,0.007972479,0.08957815,,0.54855,0.00031530857,0.08839738,,0.54815,0.0032624006,0.0898651,,0.5162,-3.8802624e-05,0.08946399,,0.5664,0.00026381016,0.09056179,,,100000.0,/home/ben/sci/fix-cnre/infinite/sbibm/2024-06-30_das5/22-28-31/5,5
53,two_moons,2919386225,CNRE,99,99,100,1.0,0,False,128,3,4.0246196,36.557918294270834,0.57885,0.0011903048,0.08337456,,0.71045,0.08628225,0.08280185,,0.71365,0.028442264,0.08417298,,0.7145,0.009369552,0.08875868,,0.68335,0.002717495,0.08557421,,0.6962,0.034459233,0.08742934,,0.701,0.065573215,0.08348733,,0.6913,0.02336204,0.09104738,,0.65065,0.0021411777,0.079884484,,0.7438,0.012643218,0.07697897,,,1000.0,/home/ben/sci/fix-cnre/infinite/sbibm/2024-06-30_das5/22-28-31/9,9
54,two_moons,3541390435,CNRE,99,99,100,1.0,0,False,128,3,5.0944057,55.97051188151042,0.52545,0.0007482767,0.0908677,,0.5799,0.0007158518,0.09191522,,0.6162,1.4305115e-05,0.08729984,,0.52885,0.00018697977,0.088893816,,0.6382,0.008276463,0.09468274,,0.5476,0.0015799999,0.088382885,,0.6436,0.0008453131,0.08988231,,0.62965,0.0053349733,0.08752441,,0.60015,0.015119851,0.08986792,,0.6241,0.0035527945,0.088413805,,,10000.0,/home/ben/sci/fix-cnre/infinite/sbibm/2024-06-30_das5/22-28-31/10,10
55,two_moons,215035632,CNRE,99,99,100,1.0,0,False,128,3,4.947968,52.70159912109375,0.5068,3.9100647e-05,0.08913581,,0.52985,-3.9458275e-05,0.08957467,,0.5979,0.0046668053,0.089709885,,0.5137,0.00015002489,0.087975174,,0.58805,0.0042579174,0.0937164,,0.52055,0.0004066229,0.09107454,,0.63585,0.00036132336,0.08744189,,0.61785,0.00074899197,0.08965698,,0.5843,0.00020241737,0.08793289,,0.65835,0.008522987,0.09361632,,,10000.0,/home/ben/sci/fix-cnre/infinite/sbibm/2024-06-30_das5/22-28-31/1,1
56,two_moons,1775686569,CNRE,99,99,100,1.0,0,False,128,3,4.813229,49.536702473958336,0.60765,0.0024453402,0.090668865,,0.6158,0.0035271645,0.08972041,,0.6107,0.0034261942,0.09055399,,0.57085,0.0098621845,0.08942845,,0.66355,0.00039958954,0.097194284,,0.58495,0.013649702,0.08998501,,0.6312,0.0038104057,0.089340925,,0.62115,0.00061285496,0.090934366,,0.5784,0.0011488795,0.089500785,,0.6124,0.0015542507,0.09119201,,,10000.0,/home/ben/sci/fix-cnre/infinite/sbibm/2024-06-30_das5/22-28-31/4,4
57,two_moons,944775658,CNRE,99,99,100,1.0,0,False,128,3,4.547246,29.991994222005207,0.661,0.0052503347,0.08184737,,0.65435,0.019303322,0.08640513,,0.72175,0.008685589,0.084337905,,0.67805,0.0063413978,0.08320464,,0.64205,0.008928657,0.08549291,,0.6928,0.08959007,0.081446365,,0.70565,0.061098337,0.08432284,,0.6725,0.048048496,0.08627379,,0.68025,0.027439713,0.08582085,,0.72685,0.043573022,0.08129371,,,1000.0,/home/ben/sci/fix-cnre/infinite/sbibm/2024-06-30_das5/22-28-31/0,0
58,two_moons,3177128749,CNRE,99,99,100,1.0,0,False,128,3,4.9258847,55.64933675130208,0.54155,0.00213933,0.08972335,,0.5555,0.0032038689,0.092310846,,0.6249,0.0028403997,0.09087062,,0.5672,0.0017886162,0.09067587,,0.6219,0.011942267,0.09426512,,0.6078,0.0009174347,0.09240775,,0.6227,0.0013797283,0.09038299,,0.6222,0.0071874857,0.09259875,,0.5916,0.001511097,0.091703996,,0.63985,0.008968353,0.08952655,,,10000.0,/home/ben/sci/fix-cnre/infinite/sbibm/2024-06-30_das5/22-28-31/13,13
59,two_moons,414607788,CNRE,99,99,100,1.0,0,False,128,3,5.0600348,259.30638020833334,0.5233,0.00300169,0.08965491,,0.49865,3.504753e-05,0.089010045,,0.56265,0.0056197643,0.09004983,,0.5078,0.00044041872,0.0905742,,0.5398,0.0043832064,0.09373638,,0.57005,0.019259334,0.089133084,,0.57525,0.00090384483,0.09040302,,0.5529,0.0006991625,0.0908183,,0.5342,0.0006555915,0.0896447,,0.5837,0.0027358532,0.08917889,,,100000.0,/home/ben/sci/fix-cnre/infinite/sbibm/2024-06-30_das5/22-28-31/11,11
60,two_moons,3682851400,CNRE,99,99,100,1.0,0,False,128,3,4.936431,49.20404866536458,0.57745,0.0027598143,0.09064272,,0.5645,0.0008903742,0.089304045,,0.60745,6.4373016e-05,0.09053467,,0.57915,0.020588458,0.09221642,,0.6566,0.010122657,0.092222944,,0.5231,0.0014898777,0.092483014,,0.6185,0.00059747696,0.089724384,,0.60915,0.0067937374,0.088389546,,0.56425,0.0016341209,0.089652844,,0.6496,0.0013575554,0.091140926,,,10000.0,/home/ben/sci/fix-cnre/infinite/sbibm/2024-06-30_das5/22-28-31/7,7
61,two_moons,1263472657,CNRE,99,99,100,1.0,0,False,128,3,4.5153155,30.93499755859375,0.64965,0.0034241676,0.091802284,,0.6657,0.021237493,0.083232485,,0.68465,0.008053303,0.0875269,,0.67205,0.026231706,0.08318418,,0.7796,0.15802348,0.08181516,,0.8139,0.1093142,0.09281178,,0.76665,0.15722549,0.090388946,,0.7271,0.12633038,0.08466624,,0.7043,0.03537941,0.083316036,,0.7662,0.10426235,0.08441206,,,1000.0,/home/ben/sci/fix-cnre/infinite/sbibm/2024-06-30_das5/22-28-31/3,3
62,two_moons,1562386087,CNRE,99,99,100,1.0,0,False,128,3,5.1004224,267.2430826822917,0.55485,0.010357499,0.0891349,,0.52395,0.0012969971,0.09180789,,0.53715,0.0012429953,0.08852415,,0.526,0.0041844845,0.08972522,,0.5257,0.0021818876,0.095327206,,0.5423,0.0061701536,0.08931908,,0.5802,0.0019670725,0.09072737,,0.56715,0.007118702,0.08978466,,0.5243,0.00085639954,0.08943248,,0.58965,0.000977397,0.091694616,,,100000.0,/home/ben/sci/fix-cnre/infinite/sbibm/2024-06-30_das5/22-28-31/8,8
63,two_moons,1107542344,CNRE,99,99,100,1.0,0,False,128,3,4.5539417,36.22017822265625,0.70765,0.0873059,0.083980754,,0.68895,0.094316244,0.087827325,,0.7363,0.13880277,0.08092675,,0.75805,0.030709267,0.0918621,,0.67665,0.026906133,0.08176309,,0.67895,0.040244102,0.08909933,,0.6923,0.021290421,0.08737229,,0.69235,0.02602446,0.08021915,,0.6905,0.0707736,0.08100906,,0.7123,0.0049185753,0.080054194,,,1000.0,/home/ben/sci/fix-cnre/infinite/sbibm/2024-06-30_das5/22-28-31/12,12
64,two_moons,2481754918,CNRE,99,99,100,1.0,0,False,128,3,5.0326724,255.715283203125,0.50405,0.00031030178,0.08969783,,0.5496,0.0008062124,0.09109761,,0.56775,0.0012388229,0.08961268,,0.53785,0.0061820745,0.09058887,,0.54825,0.000616312,0.0922215,,0.5475,0.0047516823,0.091409296,,0.61895,0.0025601387,0.09142377,,0.6168,0.023296952,0.08906985,,0.54535,0.008926094,0.09156071,,0.5935,0.0030514002,0.08724688,,,100000.0,/home/ben/sci/fix-cnre/infinite/sbibm/2024-06-30_das5/22-28-31/14,14
65,two_moons,2057075399,CNRE,99,99,100,1.0,0,False,128,3,4.2885356,30.98062540690104,0.68805,0.11183393,0.08559703,,0.63785,0.0052945614,0.090344176,,0.68575,0.017824292,0.080202825,,0.74075,0.023462951,0.0874816,,0.7662,0.039785504,0.08266023,,0.68355,0.059524775,0.08096181,,0.7275,0.06103754,0.08676337,,0.719,0.0665611,0.0913614,,0.63165,0.0064904094,0.08302677,,0.73435,0.14694858,0.08095543,,,1000.0,/home/ben/sci/fix-cnre/infinite/sbibm/2024-06-30_das5/22-28-31/6,6
66,two_moons,2263071763,CNRE,99,99,100,1.0,0,False,128,3,5.157538,255.09143880208333,0.50115,2.0742416e-05,0.08921237,,0.53435,0.0040415525,0.08986254,,0.52905,0.004058361,0.090303525,,0.52635,0.005144179,0.088353366,,0.4929,-3.6597252e-05,0.09227591,,0.54875,0.009798408,0.08876678,,0.54825,0.0011669397,0.088853985,,0.51595,0.0012938976,0.09028513,,0.4975,0.0007403493,0.090076625,,0.53555,0.00024819374,0.08852204,,,100000.0,/home/ben/sci/fix-cnre/infinite/sbibm/2024-06-30_das5/22-28-31/2,2
67,gaussian_mixture,1137927843,CNRE,99,99,100,1.0,0,False,128,3,7.3396225,259.87291666666664,0.67625,0.0713321,0.3033835,,0.7498,0.077359796,0.31474876,,0.72725,0.07671332,0.9838585,,0.73525,0.07815468,0.624081,,0.7297,0.077712774,0.8282355,,0.7271,0.07730734,0.25375786,,0.725,0.077919126,0.27858308,,0.7291,0.07806504,0.28643605,,0.7291,0.07673931,0.82669884,,0.6879,0.071891904,0.8322693,,,100000.0,/home/ben/sci/fix-cnre/infinite/sbibm/2024-06-30_das5/22-26-46/5,5
68,gaussian_mixture,67908061,CNRE,99,99,100,1.0,0,False,128,3,3.2628589,39.62932535807292,0.7832,0.20751047,1.4360678,,0.7601,0.12465125,1.3603157,,0.7575,0.100114584,1.4861207,,0.7345,0.072714746,1.3739147,,0.74975,0.12974417,1.4394914,,0.73345,0.07069844,1.2725253,,0.73145,0.06575018,1.3784883,,0.7386,0.083964944,1.4012765,,0.73835,0.060118794,1.3657824,,0.76555,0.13750303,1.1111609,,,1000.0,/home/ben/sci/fix-cnre/infinite/sbibm/2024-06-30_das5/22-26-46/9,9
69,gaussian_mixture,661094837,CNRE,99,99,100,1.0,0,False,128,3,3.5457973,50.492740885416666,0.77785,0.19901419,1.3745623,,0.7489,0.09563875,1.152271,,0.73735,0.074789464,1.3724678,,0.7396,0.09000254,1.3591247,,0.7438,0.08739662,1.3010099,,0.73615,0.07524592,1.2863219,,0.7411,0.09606719,1.4342909,,0.74575,0.10853207,1.4158752,,0.73545,0.08271724,1.4794241,,0.77345,0.17297226,1.354178,,,10000.0,/home/ben/sci/fix-cnre/infinite/sbibm/2024-06-30_das5/22-26-46/10,10
70,gaussian_mixture,2731275008,CNRE,99,99,100,1.0,0,False,128,3,7.4204183,57.08981119791667,0.76815,0.06252706,0.40235946,,0.72605,0.066800356,0.97843647,,0.72345,0.07177806,0.27739364,,0.71515,0.07195485,0.6057048,,0.72855,0.054956794,0.631597,,0.7257,0.07373989,0.8340102,,0.73305,0.075423,0.61972564,,0.73615,0.075912476,0.32682192,,0.7357,0.07609522,0.62279075,,0.73435,0.05084908,0.4821,,,10000.0,/home/ben/sci/fix-cnre/infinite/sbibm/2024-06-30_das5/22-26-46/1,1
71,gaussian_mixture,2017680318,CNRE,99,99,100,1.0,0,False,128,3,3.4977863,56.409261067708336,0.7712,0.16729772,1.2811005,,0.7509,0.10900766,1.4419489,,0.73975,0.08435339,1.3522565,,0.73655,0.06724322,1.2524164,,0.75225,0.113663435,1.3576831,,0.73335,0.072472215,1.3178465,,0.73905,0.070191264,1.3730946,,0.74585,0.09197682,1.3842216,,0.73825,0.08785838,1.394947,,0.77725,0.20164269,1.3668768,,,10000.0,/home/ben/sci/fix-cnre/infinite/sbibm/2024-06-30_das5/22-26-46/4,4
72,gaussian_mixture,958083604,CNRE,99,99,100,1.0,0,False,128,3,3.5211203,38.52828776041667,0.78425,0.20809948,1.3050756,,0.7651,0.08501613,1.2281854,,0.7247,0.034381926,1.0652405,,0.73585,0.085989535,1.3053943,,0.7536,0.113405585,1.3958867,,0.73535,0.07307637,1.2703924,,0.75115,0.07409084,1.4620035,,0.75545,0.12577993,1.339647,,0.73985,0.08221996,1.464575,,0.76985,0.15926462,1.2645072,,,1000.0,/home/ben/sci/fix-cnre/infinite/sbibm/2024-06-30_das5/22-26-46/0,0
73,gaussian_mixture,2267747272,CNRE,99,99,100,1.0,0,False,128,3,6.927969,57.37985432942708,0.84575,0.1381278,0.69318545,,0.7327,0.06659174,0.81965864,,0.7554,0.08199561,0.3426786,,0.7508,0.08060014,0.33940428,,0.7397,0.070480704,0.4456206,,0.72225,0.07529533,0.6075941,,0.7244,0.07690382,0.975363,,0.76205,0.07987189,0.8391596,,0.75835,0.081486344,0.4256397,,0.74175,0.044585943,0.64066947,,,10000.0,/home/ben/sci/fix-cnre/infinite/sbibm/2024-06-30_das5/22-26-46/13,13
74,gaussian_mixture,1111383936,CNRE,99,99,100,1.0,0,False,128,3,7.553381,256.6905110677083,0.7863,0.10615814,1.1014578,,0.70815,0.07134426,0.26308176,,0.7296,0.07729256,0.81913084,,0.76615,0.08147776,0.81896806,,0.7149,0.077049375,0.8360301,,0.72885,0.07756436,0.30410463,,0.7264,0.077876806,0.27665147,,0.7297,0.078168154,0.29515526,,0.7316,0.07780099,0.2938922,,0.6821,0.07038319,0.29250032,,,100000.0,/home/ben/sci/fix-cnre/infinite/sbibm/2024-06-30_das5/22-26-46/11,11
75,gaussian_mixture,3382165412,CNRE,99,99,100,1.0,0,False,128,3,7.208801,55.523779296875,0.774,0.06977296,0.8586695,,0.7164,0.06620073,0.64308643,,0.73085,0.07385719,0.32330084,,0.75725,0.076507926,0.44050455,,0.75765,0.054056168,0.4854962,,0.72755,0.07487416,0.39651144,,0.73665,0.07630706,0.46319684,,0.7514,0.079772234,0.63311744,,0.7138,0.07168281,0.3271324,,0.75935,0.06017208,0.5597322,,,10000.0,/home/ben/sci/fix-cnre/infinite/sbibm/2024-06-30_das5/22-26-46/7,7
76,gaussian_mixture,2329434270,CNRE,99,99,100,1.0,0,False,128,3,3.3586302,262.38341471354164,0.7724,0.1596657,1.2189741,,0.7512,0.105581224,1.227366,,0.73805,0.08770847,1.4032865,,0.73785,0.082387865,1.5440022,,0.74845,0.119565845,1.2416985,,0.73315,0.08007747,1.3541877,,0.74415,0.10818064,1.3530521,,0.7451,0.10038847,1.401274,,0.7333,0.08777982,1.5271292,,0.76685,0.14923024,1.2967091,,,100000.0,/home/ben/sci/fix-cnre/infinite/sbibm/2024-06-30_das5/22-26-46/8,8
77,gaussian_mixture,1985920330,CNRE,99,99,100,1.0,0,False,128,3,3.250729,40.53519287109375,0.78695,0.23331791,1.5127733,,0.75925,0.1592071,1.4943699,,0.7355,0.086394906,1.5664196,,0.73515,0.058812678,1.3240325,,0.7468,0.097628474,1.1019344,,0.7313,0.0758003,1.3659314,,0.7417,0.114028394,1.3951054,,0.74095,0.11917609,1.4627581,,0.7268,0.051362395,1.1789919,,0.7842,0.22525692,1.5599916,,,1000.0,/home/ben/sci/fix-cnre/infinite/sbibm/2024-06-30_das5/22-26-46/12,12
78,gaussian_mixture,2982560838,CNRE,99,99,100,1.0,0,False,128,3,3.31288,254.216845703125,0.777,0.19812411,1.3485405,,0.749,0.09620708,1.2484214,,0.73545,0.0841977,1.3421013,,0.73665,0.07626444,1.2488892,,0.74665,0.11060274,1.4099514,,0.7372,0.07388282,1.2898879,,0.73875,0.08087593,1.34371,,0.74235,0.09034777,1.4640963,,0.7341,0.07987738,1.275285,,0.7671,0.1404342,1.3221533,,,100000.0,/home/ben/sci/fix-cnre/infinite/sbibm/2024-06-30_das5/22-26-46/14,14
79,gaussian_mixture,1189800061,CNRE,99,99,100,1.0,0,False,128,3,3.017224,37.53663736979167,0.78675,0.27619946,1.745408,,0.755,0.11759931,1.2861223,,0.74445,0.10347754,1.4289598,,0.73785,0.10322714,1.496989,,0.7576,0.12860972,1.3764002,,0.73275,0.074029446,1.3543048,,0.73345,0.044086993,1.1259532,,0.74255,0.06716859,1.3945416,,0.7376,0.091569066,1.331198,,0.7555,0.06290972,1.1439123,,,1000.0,/home/ben/sci/fix-cnre/infinite/sbibm/2024-06-30_das5/22-26-46/6,6
80,gaussian_mixture,3624812075,CNRE,99,99,100,1.0,0,False,128,3,7.70751,261.261669921875,0.71985,0.071624994,0.60417765,,0.71465,0.07827282,0.24189483,,0.72815,0.07676363,0.9744059,,0.7287,0.07539773,0.83243275,,0.7127,0.074605465,0.36432385,,0.73145,0.0778718,0.36033887,,0.7264,0.07780492,0.2717626,,0.72375,0.07722139,0.8160786,,0.72955,0.076425314,0.2864265,,0.6892,0.0728519,0.27706018,,,100000.0,/home/ben/sci/fix-cnre/infinite/sbibm/2024-06-30_das5/22-26-46/2,2
81,bernoulli_glm,738733546,CNRE,99,99,100,1.0,0,False,128,3,8.747183,365.84886067708334,0.59945,0.032060623,10.182938,,0.56725,0.008662939,11.993807,,0.6374,0.067701936,11.554963,,0.61315,0.043697476,10.821621,,0.5872,0.007317543,16.523602,,0.5662,0.0062679052,13.596647,,0.5814,0.012263656,13.270592,,0.62385,0.05875349,10.664818,,0.63465,0.055674195,10.397341,,0.60435,0.015653372,15.806498,,,100000.0,/home/ben/sci/fix-cnre/infinite/sbibm/2024-06-30_das5/22-25-01/5,5
82,bernoulli_glm,3617835825,CNRE,99,99,100,1.0,0,False,128,3,6.5870166,137.97530924479167,0.803,0.16247183,11.935249,,0.74535,0.050680578,13.266077,,0.83485,0.18706769,12.778145,,0.75835,0.08034551,11.331898,,0.86875,0.15334535,19.450432,,0.7667,0.09982562,14.177828,,0.7084,0.031041145,14.342999,,0.78535,0.13001806,11.730989,,0.8352,0.23260349,11.709053,,0.8717,0.1648156,17.702059,,,1000.0,/home/ben/sci/fix-cnre/infinite/sbibm/2024-06-30_das5/22-25-01/9,9
83,bernoulli_glm,1418040906,CNRE,99,99,100,1.0,0,False,128,3,8.536121,162.13216145833334,0.6716,0.10564017,10.401994,,0.73,0.118409455,11.595688,,0.77735,0.14017928,11.801077,,0.64475,0.025736094,10.895393,,0.64495,0.029877543,16.207058,,0.71265,0.083706975,13.588052,,0.73705,0.16278368,11.951314,,0.73515,0.080750346,10.949455,,0.69315,0.029844642,10.513847,,0.64165,0.031744838,15.093633,,,10000.0,/home/ben/sci/fix-cnre/infinite/sbibm/2024-06-30_das5/22-25-01/10,10
84,bernoulli_glm,1230208636,CNRE,99,99,100,1.0,0,False,128,3,7.8129153,155.92864583333332,0.68115,0.051587462,10.566047,,0.70285,0.1111477,12.254042,,0.704,0.07426095,12.085272,,0.75925,0.0717684,11.9929285,,0.808,0.16273034,17.247892,,0.6238,0.031108022,13.290365,,0.6772,0.111195385,12.941084,,0.64845,0.022142649,11.106902,,0.6807,0.05736077,11.177513,,0.6745,0.038561344,16.016508,,,10000.0,/home/ben/sci/fix-cnre/infinite/sbibm/2024-06-30_das5/22-25-01/1,1
85,bernoulli_glm,154997578,CNRE,99,99,100,1.0,0,False,128,3,7.4678645,172.87604166666668,0.63185,0.02130258,9.953466,,0.6444,0.034897804,12.300594,,0.73165,0.103187084,12.18354,,0.7312,0.10969055,11.733931,,0.74305,0.090400815,17.320728,,0.7354,0.16796768,13.525045,,0.71445,0.15225953,12.851627,,0.65245,0.0706228,10.846779,,0.692,0.090136886,11.133909,,0.64505,0.029850483,15.87359,,,10000.0,/home/ben/sci/fix-cnre/infinite/sbibm/2024-06-30_das5/22-25-01/4,4
86,bernoulli_glm,4273502533,CNRE,99,99,100,1.0,0,False,128,3,7.0887985,138.28981119791666,0.7223,0.051426888,10.771592,,0.72175,0.05961317,13.081106,,0.81745,0.17783779,13.152622,,0.8166,0.15315056,12.407194,,0.8115,0.09564173,18.179455,,0.80035,0.102588534,13.772918,,0.7506,0.09401357,13.925595,,0.87265,0.40760916,12.749638,,0.80755,0.12684005,12.60785,,0.84605,0.14648372,16.844177,,,1000.0,/home/ben/sci/fix-cnre/infinite/sbibm/2024-06-30_das5/22-25-01/0,0
87,bernoulli_glm,2554214679,CNRE,99,99,100,1.0,0,False,128,3,8.027601,189.26466471354166,0.6935,0.095005274,10.256123,,0.73505,0.18719578,11.90704,,0.72315,0.06296909,11.883741,,0.69685,0.05297321,11.038339,,0.72565,0.07705617,16.485268,,0.6606,0.02979803,13.938395,,0.66665,0.09793311,12.741056,,0.6757,0.054538727,10.942987,,0.698,0.08669603,10.796383,,0.7023,0.05773759,16.034214,,,10000.0,/home/ben/sci/fix-cnre/infinite/sbibm/2024-06-30_das5/22-25-01/13,13
88,bernoulli_glm,3404806223,CNRE,99,99,100,1.0,0,False,128,3,9.497102,364.25377604166664,0.59485,0.013011217,9.877574,,0.5822,0.010861516,11.705555,,0.61915,0.061336398,11.189941,,0.6533,0.09005284,10.858536,,0.59735,0.024992943,16.160679,,0.56025,0.0038836002,13.345651,,0.58845,0.012608409,13.1834955,,0.5854,0.035381317,10.318253,,0.624,0.062966466,10.240392,,0.5944,0.014329195,14.922242,,,100000.0,/home/ben/sci/fix-cnre/infinite/sbibm/2024-06-30_das5/22-25-01/11,11
89,bernoulli_glm,2042877121,CNRE,99,99,100,1.0,0,False,128,3,7.775113,156.80069986979166,0.6902,0.1276151,10.079285,,0.638,0.025389314,12.099724,,0.7015,0.060964823,11.695774,,0.69065,0.083378196,11.379958,,0.7258,0.05472064,17.33446,,0.6593,0.017820477,14.211604,,0.66295,0.030906081,13.358903,,0.69465,0.10479009,10.999947,,0.76745,0.24320132,11.285246,,0.6531,0.035535455,15.361916,,,10000.0,/home/ben/sci/fix-cnre/infinite/sbibm/2024-06-30_das5/22-25-01/7,7
90,bernoulli_glm,902686885,CNRE,99,99,100,1.0,0,False,128,3,6.424906,137.532080078125,0.8011,0.22211754,11.179178,,0.7498,0.06655538,12.237902,,0.85325,0.20298767,13.246039,,0.80345,0.19311297,12.277867,,0.86885,0.18888009,20.21872,,0.78645,0.108917534,14.117813,,0.7637,0.095507324,13.970639,,0.83795,0.17965913,11.891318,,0.811,0.22207266,11.880091,,0.71165,0.04311329,17.18293,,,1000.0,/home/ben/sci/fix-cnre/infinite/sbibm/2024-06-30_das5/22-25-01/3,3
91,bernoulli_glm,503886218,CNRE,99,99,100,1.0,0,False,128,3,8.951575,367.16839192708335,0.6028,0.012604356,9.864216,,0.599,0.03810835,11.615306,,0.6191,0.047915697,11.327365,,0.59225,0.029879332,10.664852,,0.5517,0.0036598444,16.144018,,0.59235,0.03008759,13.318778,,0.59125,0.019771218,13.084463,,0.62385,0.062149286,10.736626,,0.62305,0.077390194,10.551387,,0.6313,0.032700777,15.072197,,,100000.0,/home/ben/sci/fix-cnre/infinite/sbibm/2024-06-30_das5/22-25-01/8,8
92,bernoulli_glm,4094882315,CNRE,99,99,100,1.0,0,False,128,3,6.306986,169.38234049479166,0.82245,0.16727722,10.937713,,0.68875,0.026056767,11.971975,,0.85445,0.26337928,12.97573,,0.8043,0.22429991,11.645653,,0.84055,0.14861989,18.187199,,0.8048,0.18658847,13.39646,,0.83045,0.22967428,13.487993,,0.82495,0.27226478,12.009324,,0.85275,0.2601279,11.8276825,,0.816,0.13252974,17.825336,,,1000.0,/home/ben/sci/fix-cnre/infinite/sbibm/2024-06-30_das5/22-25-01/12,12
93,bernoulli_glm,2193217985,CNRE,99,99,100,1.0,0,False,128,3,8.27859,361.85283203125,0.6439,0.05296731,10.63187,,0.5807,0.018321872,12.068573,,0.6854,0.1131134,11.738434,,0.66755,0.15089166,11.030731,,0.59765,0.015659451,16.880764,,0.6065,0.027509332,13.8466015,,0.57685,0.009055018,13.420973,,0.6447,0.10125613,10.905378,,0.61755,0.053849697,10.653891,,0.615,0.019716382,14.898594,,,100000.0,/home/ben/sci/fix-cnre/infinite/sbibm/2024-06-30_das5/22-25-01/14,14
94,bernoulli_glm,2040811345,CNRE,99,99,100,1.0,0,False,128,3,6.0586915,137.64334309895833,0.7876,0.095933914,11.188629,,0.8327,0.18058348,12.94653,,0.87745,0.20533544,13.931417,,0.7931,0.12960899,11.621269,,0.84675,0.129637,19.038364,,0.713,0.041553497,13.533444,,0.81425,0.14172548,14.347722,,0.7896,0.2026633,11.824822,,0.8377,0.3332032,11.485466,,0.83195,0.12932038,17.514828,,,1000.0,/home/ben/sci/fix-cnre/infinite/sbibm/2024-06-30_das5/22-25-01/6,6
95,bernoulli_glm,594159116,CNRE,99,99,100,1.0,0,False,128,3,8.942087,358.6533528645833,0.59385,0.046317816,10.19713,,0.5906,0.035913706,11.578621,,0.64105,0.025417566,11.141386,,0.6281,0.043333113,10.298828,,0.58665,0.008731961,16.42368,,0.5696,0.009343028,13.476156,,0.58705,0.011213064,13.238986,,0.5973,0.026638508,10.013123,,0.56925,0.005207181,10.076986,,0.5866,0.015865088,15.524564,,,100000.0,/home/ben/sci/fix-cnre/infinite/sbibm/2024-06-30_das5/22-25-01/2,2
96,slcp,304953607,CNRE,99,99,100,1.0,0,False,128,3,5.2756357,296.14104817708335,0.831,0.010337114,19.319786,,0.73165,0.009733796,22.064896,,0.66545,0.007580161,26.387402,,0.91175,0.023723006,3.2947147,,0.82915,0.06713402,24.758198,,0.66455,0.002191782,10.53759,,0.8963,0.015765905,29.859486,,0.9269,0.011025548,24.237654,,0.72625,0.010165095,8.893917,,0.7165,0.013952017,2.3080394,,,100000.0,/home/ben/sci/fix-cnre/infinite/sbibm/2024-06-30_das5/22-25-15/5,5
97,slcp,3224748462,CNRE,99,99,100,1.0,0,False,128,3,1.300516,76.01869303385416,0.97975,0.13656783,20.39185,,0.96915,0.13112056,20.23524,,0.9671,0.049651742,21.827456,,0.9862,0.13663888,3.9528117,,0.96775,0.09735143,20.125793,,0.9512,0.061452746,9.776819,,0.9872,0.09120178,29.455738,,0.98805,0.14808059,22.179092,,0.95935,0.12298107,8.971594,,0.94215,0.13928747,3.4854555,,,1000.0,/home/ben/sci/fix-cnre/infinite/sbibm/2024-06-30_das5/22-25-15/9,9
98,slcp,1461495669,CNRE,99,99,100,1.0,0,False,128,3,4.0245433,109.7888916015625,0.9403,0.044410586,19.837463,,0.8973,0.0490669,22.791761,,0.8108,0.01220274,25.13905,,0.9523,0.09678447,3.4751391,,0.85945,0.025788903,23.810848,,0.82125,0.0075660944,12.068993,,0.9684,0.11703694,29.389229,,0.93725,0.028655887,24.770496,,0.8545,0.044347048,9.348841,,0.92385,0.108253956,2.0752597,,,10000.0,/home/ben/sci/fix-cnre/infinite/sbibm/2024-06-30_das5/22-25-15/10,10
99,slcp,4090444694,CNRE,99,99,100,1.0,0,False,128,3,3.1884854,92.88509928385416,0.9461,0.101040125,19.796194,,0.9179,0.11293721,23.473534,,0.87635,0.09253752,26.274256,,0.94385,0.04590559,2.894506,,0.85825,0.03636396,24.177788,,0.81795,0.01628685,12.07835,,0.9649,0.079119325,30.06995,,0.94865,0.06530249,24.043638,,0.8713,0.05627954,10.072677,,0.90525,0.0826363,1.7437305,,,10000.0,/home/ben/sci/fix-cnre/infinite/sbibm/2024-06-30_das5/22-25-15/1,1
100,slcp,1312631167,CNRE,99,99,100,1.0,0,False,128,3,3.8171902,112.08806966145833,0.9399,0.041242838,19.702602,,0.91615,0.05782795,23.014141,,0.8878,0.05878222,25.463737,,0.96815,0.18349212,2.8274698,,0.90095,0.0870471,23.98758,,0.84455,0.03703928,11.440734,,0.9583,0.097447276,29.95858,,0.9584,0.09163022,24.977488,,0.87975,0.03729415,9.311935,,0.91695,0.061268568,1.8279157,,,10000.0,/home/ben/sci/fix-cnre/infinite/sbibm/2024-06-30_das5/22-25-15/4,4
101,slcp,897795976,CNRE,99,99,100,1.0,0,False,128,3,1.1047962,82.62482096354167,0.98525,0.15299082,18.224632,,0.97505,0.14861238,21.732216,,0.94375,0.048808575,24.262892,,0.9832,0.094160676,3.1368966,,0.9627,0.12118304,20.148706,,0.96855,0.039024234,7.916276,,0.9904,0.09397781,27.437489,,0.9839,0.06621158,23.513025,,0.9588,0.13836789,8.804881,,0.9532,0.18674141,5.3679285,,,1000.0,/home/ben/sci/fix-cnre/infinite/sbibm/2024-06-30_das5/22-25-15/0,0
102,slcp,3771651937,CNRE,99,99,100,1.0,0,False,128,3,3.607451,97.84485677083333,0.9539,0.03252983,20.015608,,0.8896,0.04332924,22.751585,,0.89295,0.030940652,25.890713,,0.9541,0.14072102,3.1019106,,0.8218,0.047219157,22.633673,,0.85345,0.020984173,10.631367,,0.9771,0.13182294,29.954369,,0.96325,0.16101468,23.975628,,0.8316,0.023577094,9.178503,,0.9253,0.06634462,1.6635163,,,10000.0,/home/ben/sci/fix-cnre/infinite/sbibm/2024-06-30_das5/22-25-15/13,13
103,slcp,2164280097,CNRE,99,99,100,1.0,0,False,128,3,5.6148577,298.5742513020833,0.77745,0.009868383,19.153511,,0.8012,0.016445875,23.143677,,0.66435,0.007053137,26.366833,,0.8951,0.07759631,3.4888864,,0.7497,0.059294224,23.596786,,0.6519,0.007790923,10.577621,,0.8958,0.008002639,29.630028,,0.8695,0.009084225,24.816336,,0.734,0.009190798,8.515086,,0.74135,0.02102685,2.278143,,,100000.0,/home/ben/sci/fix-cnre/infinite/sbibm/2024-06-30_das5/22-25-15/11,11
104,slcp,3758780264,CNRE,99,99,100,1.0,0,False,128,3,3.3678517,93.83335774739584,0.9333,0.061109066,20.47975,,0.8735,0.12807798,24.257896,,0.84295,0.014501214,25.470037,,0.93735,0.052552342,3.2602582,,0.8576,0.015586615,22.81209,,0.82355,0.025157332,11.077894,,0.98015,0.17522669,29.926132,,0.94805,0.07209957,25.002277,,0.83435,0.014531255,9.075403,,0.90405,0.049684644,1.979181,,,10000.0,/home/ben/sci/fix-cnre/infinite/sbibm/2024-06-30_das5/22-25-15/7,7
105,slcp,3264822751,CNRE,99,99,100,1.0,0,False,128,3,1.1227734,93.48411458333334,0.9844,0.08026135,17.599007,,0.9669,0.07916129,20.175533,,0.96075,0.10316217,21.286156,,0.98635,0.1319167,4.1987166,,0.9649,0.12906575,19.266842,,0.9647,0.091328144,9.370098,,0.99205,0.16128421,27.3975,,0.9842,0.11329019,21.953827,,0.95875,0.11585307,8.702434,,0.94325,0.13893712,4.530903,,,1000.0,/home/ben/sci/fix-cnre/infinite/sbibm/2024-06-30_das5/22-25-15/3,3
106,slcp,3117741183,CNRE,99,99,100,1.0,0,False,128,3,5.3430195,310.03271484375,0.80045,0.0036451817,19.551006,,0.73495,0.008812904,22.840574,,0.64955,0.003297925,25.84016,,0.9135,0.03956008,3.641025,,0.6351,0.0117794275,24.579706,,0.63175,0.0050600767,10.542351,,0.89185,0.026892424,30.072556,,0.88425,0.007631302,24.67588,,0.68415,0.0064479113,9.534632,,0.76145,0.044733882,2.1674595,,,100000.0,/home/ben/sci/fix-cnre/infinite/sbibm/2024-06-30_das5/22-25-15/8,8
107,slcp,690318989,CNRE,99,99,100,1.0,0,False,128,3,1.5535446,92.09344889322917,0.98195,0.08795023,18.066422,,0.9777,0.12649167,20.829235,,0.965,0.049791336,23.32079,,0.9856,0.14771366,4.160124,,0.9646,0.110051155,18.334007,,0.95625,0.0852797,10.282851,,0.9881,0.054317117,27.73697,,0.98285,0.11060166,23.766153,,0.96175,0.13528705,8.042739,,0.9516,0.2104559,4.1470823,,,1000.0,/home/ben/sci/fix-cnre/infinite/sbibm/2024-06-30_das5/22-25-15/12,12
108,slcp,906206358,CNRE,99,99,100,1.0,0,False,128,3,5.138229,295.78600260416664,0.8154,0.010887027,19.322533,,0.70215,0.002803564,21.510036,,0.6643,0.0031374693,26.470959,,0.9127,0.034104228,3.4621472,,0.70445,0.015773892,24.393549,,0.6475,0.010078073,10.768763,,0.9085,0.015825868,29.473103,,0.85625,0.0018875599,23.95615,,0.71885,0.0063961744,9.710238,,0.8003,0.034800887,2.1008935,,,100000.0,/home/ben/sci/fix-cnre/infinite/sbibm/2024-06-30_das5/22-25-15/14,14
109,slcp,1390362226,CNRE,99,99,100,1.0,0,False,128,3,1.1689453,77.06748860677084,0.98045,0.0683918,17.502712,,0.9786,0.17456377,19.94831,,0.9635,0.112178564,21.8113,,0.986,0.10932642,4.5413017,,0.97255,0.038072705,20.304066,,0.96375,0.07508004,9.173595,,0.98875,0.15981066,28.28925,,0.98825,0.15324998,21.622437,,0.95985,0.11575806,8.160019,,0.9415,0.107247114,3.5922132,,,1000.0,/home/ben/sci/fix-cnre/infinite/sbibm/2024-06-30_das5/22-25-15/6,6
110,slcp,822532999,CNRE,99,99,100,1.0,0,False,128,3,5.367719,296.49973958333334,0.75175,0.006622553,19.739592,,0.7025,0.011070967,22.154268,,0.65905,0.0074020624,27.094765,,0.89345,0.0249753,3.3742714,,0.64195,0.009490967,24.258247,,0.69645,0.0035114288,10.155005,,0.92505,0.008698821,29.498093,,0.8536,0.013401389,24.893658,,0.67725,0.0011464357,9.742014,,0.7641,0.042805076,2.1234074,,,100000.0,/home/ben/sci/fix-cnre/infinite/sbibm/2024-06-30_das5/22-25-15/2,2
111,gaussian_linear_uniform,2934525228,CNRE,99,99,100,1.0,0,False,128,3,6.5419784,374.14248046875,0.5473,0.0048285723,1.3728034,,0.55085,0.0055549145,1.447362,,0.56915,0.0039032698,1.4988315,,0.53605,0.0035672188,1.3669257,,0.54455,0.003385663,1.3257062,,0.54565,0.0027050972,1.3170129,,0.54345,0.0026026964,1.3211858,,0.55675,0.006785512,1.3476727,,0.548,0.0034259558,1.3238599,,0.5503,0.0056355,1.3690541,,,100000.0,/home/ben/sci/fix-cnre/infinite/sbibm/2024-06-30_das5/22-27-17/5,5
112,gaussian_linear_uniform,3415194055,CNRE,99,99,100,1.0,0,False,128,3,5.4591064,176.43356119791667,0.7232,0.0377903,1.4037728,,0.7032,0.03879738,1.5080595,,0.7856,0.07152748,1.5559678,,0.7634,0.059046626,1.4711729,,0.7529,0.050715208,1.2790041,,0.6716,0.013525844,1.3779615,,0.78,0.068398476,1.3492115,,0.6691,0.022955298,1.4093045,,0.7204,0.026819348,1.3507788,,0.7262,0.030926347,1.366056,,,1000.0,/home/ben/sci/fix-cnre/infinite/sbibm/2024-06-30_das5/22-27-17/9,9
113,gaussian_linear_uniform,1601532572,CNRE,99,99,100,1.0,0,False,128,3,6.0943694,161.47613932291668,0.64695,0.016173124,1.4603211,,0.6743,0.025251865,1.5513052,,0.69005,0.049169958,1.700538,,0.62375,0.01059556,1.4526613,,0.66715,0.022646546,1.4183725,,0.65265,0.027257442,1.4513235,,0.6315,0.015322924,1.4268805,,0.6549,0.029719353,1.4939257,,0.63385,0.011803031,1.4084375,,0.62385,0.015126467,1.4494653,,,10000.0,/home/ben/sci/fix-cnre/infinite/sbibm/2024-06-30_das5/22-27-17/10,10
114,gaussian_linear_uniform,3374910602,CNRE,99,99,100,1.0,0,False,128,3,5.8707743,197.97345377604168,0.6454,0.015879989,1.4561543,,0.62865,0.017782927,1.5006976,,0.6763,0.037391186,1.5939946,,0.59745,0.008965373,1.4203227,,0.6115,0.012284756,1.3491681,,0.61075,0.009181619,1.357116,,0.5956,0.0051591396,1.3721063,,0.6419,0.018956423,1.4633275,,0.62835,0.013803363,1.3791212,,0.63295,0.018244147,1.4234456,,,10000.0,/home/ben/sci/fix-cnre/infinite/sbibm/2024-06-30_das5/22-27-17/1,1
115,gaussian_linear_uniform,388212768,CNRE,99,99,100,1.0,0,False,128,3,6.8042464,197.779736328125,0.6214,0.013471723,1.3895987,,0.68115,0.02415967,1.4926988,,0.64685,0.02448368,1.5530643,,0.61865,0.016352296,1.3713727,,0.61025,0.0074687004,1.3347683,,0.61665,0.012174964,1.3305869,,0.63525,0.014587879,1.3195734,,0.6624,0.03558123,1.4420655,,0.6321,0.019354105,1.3449929,,0.6591,0.024871469,1.397135,,,10000.0,/home/ben/sci/fix-cnre/infinite/sbibm/2024-06-30_das5/22-27-17/4,4
116,gaussian_linear_uniform,1218994242,CNRE,99,99,100,1.0,0,False,128,3,5.106259,176.86092122395834,0.71505,0.038514912,1.5217285,,0.75995,0.055657446,1.6337413,,0.71515,0.056543708,1.642776,,0.67945,0.015603423,1.4416764,,0.6911,0.029775739,1.4448118,,0.77695,0.07552409,1.602565,,0.75485,0.061131954,1.4652159,,0.7262,0.057491124,1.5631727,,0.72275,0.050492525,1.5381894,,0.70435,0.036288857,1.4516354,,,1000.0,/home/ben/sci/fix-cnre/infinite/sbibm/2024-06-30_das5/22-27-17/0,0
117,gaussian_linear_uniform,1578323802,CNRE,99,99,100,1.0,0,False,128,3,7.065219,200.23063151041666,0.6348,0.019143939,1.4346564,,0.6344,0.02332604,1.5231822,,0.6666,0.039397478,1.5936,,0.6422,0.019432425,1.409833,,0.6258,0.010353804,1.3215227,,0.638,0.015859008,1.3103495,,0.60735,0.0092487335,1.3234174,,0.64345,0.016367197,1.4129362,,0.6535,0.022910237,1.3742049,,0.64405,0.013978004,1.3674656,,,10000.0,/home/ben/sci/fix-cnre/infinite/sbibm/2024-06-30_das5/22-27-17/13,13
118,gaussian_linear_uniform,1540651721,CNRE,99,99,100,1.0,0,False,128,3,7.0837345,368.44677734375,0.563,0.011977315,1.3731393,,0.55095,0.0062760115,1.4548968,,0.5979,0.017352343,1.5252202,,0.54335,0.0047035217,1.3824003,,0.5476,0.0045175552,1.3488393,,0.54555,0.004004836,1.3462694,,0.5339,0.0021566153,1.322151,,0.54515,0.0052839518,1.3552276,,0.5581,0.009578586,1.3451555,,0.5543,0.006039262,1.3829731,,,100000.0,/home/ben/sci/fix-cnre/infinite/sbibm/2024-06-30_das5/22-27-17/11,11
119,gaussian_linear_uniform,354418065,CNRE,99,99,100,1.0,0,False,128,3,6.590972,197.43439127604168,0.64745,0.023469925,1.4271297,,0.63395,0.015923738,1.4869592,,0.66975,0.046887398,1.5983294,,0.62805,0.01800263,1.4007488,,0.633,0.016426086,1.3146806,,0.60915,0.0081448555,1.3361924,,0.6272,0.009985924,1.3408747,,0.66805,0.02895248,1.4118679,,0.69255,0.03260696,1.3413041,,0.6281,0.01488924,1.4120116,,,10000.0,/home/ben/sci/fix-cnre/infinite/sbibm/2024-06-30_das5/22-27-17/7,7
120,gaussian_linear_uniform,2946217428,CNRE,99,99,100,1.0,0,False,128,3,5.287534,177.326806640625,0.7543,0.075733304,1.5332291,,0.74765,0.047775984,1.5463297,,0.79985,0.07723904,1.7086706,,0.7012,0.036211133,1.5172927,,0.70255,0.035137296,1.3958515,,0.69925,0.036729097,1.4226382,,0.7112,0.028211832,1.3872547,,0.7392,0.04155767,1.4200823,,0.7098,0.024723887,1.3627824,,0.74335,0.051400065,1.5626962,,,1000.0,/home/ben/sci/fix-cnre/infinite/sbibm/2024-06-30_das5/22-27-17/3,3
121,gaussian_linear_uniform,1668494007,CNRE,99,99,100,1.0,0,False,128,3,6.838802,387.70725911458334,0.5518,0.0068614483,1.4059852,,0.5394,0.004645705,1.4275093,,0.5748,0.009589314,1.5458077,,0.5343,0.0023179054,1.3598058,,0.53015,0.0025075674,1.337963,,0.5432,0.0046947002,1.345407,,0.5392,0.0023281574,1.3421059,,0.53565,0.0015436411,1.3496342,,0.54535,0.0049749613,1.3377483,,0.54995,0.004744649,1.3782558,,,100000.0,/home/ben/sci/fix-cnre/infinite/sbibm/2024-06-30_das5/22-27-17/8,8
122,gaussian_linear_uniform,750380665,CNRE,99,99,100,1.0,0,False,128,3,5.231937,176.28341471354167,0.73705,0.04776287,1.4133308,,0.81535,0.11521602,1.6575658,,0.7288,0.07043183,1.6597054,,0.7183,0.031332016,1.4359137,,0.70665,0.026183486,1.4253423,,0.69205,0.033462524,1.4575648,,0.67955,0.02881813,1.364111,,0.73855,0.06432992,1.5637722,,0.75195,0.058561563,1.3727505,,0.7168,0.022280693,1.3791603,,,1000.0,/home/ben/sci/fix-cnre/infinite/sbibm/2024-06-30_das5/22-27-17/12,12
123,gaussian_linear_uniform,3542083695,CNRE,99,99,100,1.0,0,False,128,3,7.087772,379.6072591145833,0.557,0.008272409,1.3545756,,0.5554,0.0048726797,1.4286232,,0.5883,0.015983224,1.4967119,,0.5425,0.0037606955,1.3498633,,0.5385,0.0032792091,1.3314068,,0.5493,0.0077337027,1.351694,,0.57145,0.010006189,1.363355,,0.5598,0.00894618,1.3580458,,0.54145,0.004257083,1.3183515,,0.58055,0.011932015,1.3709846,,,100000.0,/home/ben/sci/fix-cnre/infinite/sbibm/2024-06-30_das5/22-27-17/14,14
124,gaussian_linear_uniform,292970104,CNRE,99,99,100,1.0,0,False,128,3,5.607643,151.00538736979166,0.7476,0.050100982,1.5318291,,0.7326,0.053100467,1.6205022,,0.7695,0.097718656,1.738946,,0.69885,0.018164277,1.441307,,0.7446,0.06084001,1.5248337,,0.6947,0.03306389,1.4493288,,0.68455,0.022162795,1.3805718,,0.70345,0.033599615,1.4913671,,0.68655,0.03403175,1.4367666,,0.7411,0.044766188,1.4919369,,,1000.0,/home/ben/sci/fix-cnre/infinite/sbibm/2024-06-30_das5/22-27-17/6,6
125,gaussian_linear_uniform,3694666810,CNRE,99,99,100,1.0,0,False,128,3,6.7690163,406.098046875,0.55235,0.006959319,1.4031861,,0.5736,0.008551955,1.5072932,,0.56,0.0083914995,1.544287,,0.5408,0.004203081,1.3984394,,0.5546,0.007891536,1.3561294,,0.53485,0.004936695,1.3356873,,0.55175,0.0062919855,1.3599951,,0.5811,0.013892412,1.4179008,,0.5501,0.007369399,1.3581992,,0.5626,0.0074486732,1.4284904,,,100000.0,/home/ben/sci/fix-cnre/infinite/sbibm/2024-06-30_das5/22-27-17/2,2
126,sir,3653578947,CNRE,99,99,100,1.0,0,False,128,3,-0.73167676,100.3208251953125,0.99005,0.5889064,385.9961,,0.99615,0.5618047,400.40292,,0.99545,0.57326365,300.48627,,0.99715,0.56528515,418.71588,,0.9948,0.54667336,331.51245,,0.99495,0.5444791,310.71933,,0.99645,0.5482153,336.09448,,0.99355,0.5453002,267.5528,,0.99635,0.557076,334.30597,,0.98815,0.55793136,448.59448,,,100000.0,/home/ben/sci/fix-cnre/infinite/sbibm/2024-06-30/22-37-59/5,5
127,sir,1953355754,CNRE,99,99,100,1.0,0,False,128,3,4.932733,20.5915283203125,0.87305,0.41552508,18.439089,,0.83435,0.4652825,30.016663,,0.7259,0.17925662,22.0,,0.7422,0.14098155,32.503845,,0.62975,0.011937499,25.0998,,0.66865,0.081998944,23.194826,,0.7871,0.08008468,26.1916,,0.7514,0.09165311,24.020824,,0.7447,0.2002536,27.12932,,0.6994,0.12172556,23.452078,,,1000.0,/home/ben/sci/fix-cnre/infinite/sbibm/2024-06-30/22-37-59/9,9
128,sir,606185370,CNRE,99,99,100,1.0,0,False,128,3,5.145008,27.23759765625,0.5705,0.007233739,16.7332,,0.59155,0.013293147,21.943106,,0.62925,0.056336045,21.656408,,0.68135,0.06382424,30.282007,,0.65025,0.025428891,27.64055,,0.68585,0.033446193,26.514147,,0.73055,0.024456024,26.134268,,0.63595,0.0049989223,24.0,,0.64735,0.02094531,29.538109,,0.6743,0.060773253,24.63737,,,10000.0,/home/ben/sci/fix-cnre/infinite/sbibm/2024-06-30/22-37-59/10,10
129,sir,2202340135,CNRE,99,99,100,1.0,0,False,128,3,5.126353,27.196590169270834,0.57435,0.007966757,17.549929,,0.61445,0.03651631,23.0,,0.6501,0.06032276,21.44761,,0.75825,0.17298079,36.578682,,0.6344,0.010730505,26.466959,,0.6126,0.010647297,24.33105,,0.79545,0.0618428,28.7663,,0.6412,0.013445973,23.70654,,0.8216,0.2282874,38.97435,,0.60045,0.019257426,24.58658,,,10000.0,/home/ben/sci/fix-cnre/infinite/sbibm/2024-06-30/22-37-59/1,1
130,sir,642766234,CNRE,99,99,100,1.0,0,False,128,3,-0.6297077,27.423748779296876,0.98955,0.5867263,383.91992,,0.99565,0.5600088,400.0569,,0.9947,0.5725119,297.18344,,0.9978,0.5659826,418.7147,,0.99425,0.54608583,333.09906,,0.99425,0.5436833,312.21066,,0.99675,0.54910606,338.59637,,0.9943,0.5459768,265.27438,,0.99655,0.5570941,334.8201,,0.9865,0.5560454,450.2788,,,10000.0,/home/ben/sci/fix-cnre/infinite/sbibm/2024-06-30/22-37-59/4,4
131,sir,2672331796,CNRE,99,99,100,1.0,0,False,128,3,4.3827567,20.674945068359374,0.6904,0.03682518,16.941074,,0.8326,0.43549854,29.597298,,0.7839,0.23916328,25.942244,,0.7292,0.16655028,33.91165,,0.7612,0.21847928,24.738634,,0.70475,0.058031917,24.24871,,0.7282,0.056503415,25.059929,,0.65365,0.028835893,22.293497,,0.7007,0.06304431,31.38471,,0.66085,0.038195074,27.513634,,,1000.0,/home/ben/sci/fix-cnre/infinite/sbibm/2024-06-30/22-37-59/0,0
132,sir,3872722845,CNRE,99,99,100,1.0,0,False,128,3,5.3250713,99.63318684895833,0.5676,0.007759571,17.14643,,0.5474,0.006406784,21.283796,,0.5924,0.029827714,20.248457,,0.6642,0.087510884,26.495283,,0.64165,0.018728018,25.903667,,0.6488,0.021166682,24.859606,,0.6329,0.0036578178,22.627417,,0.57465,0.001814723,22.704622,,0.6358,0.032835722,28.982754,,0.5938,0.015834212,23.043438,,,100000.0,/home/ben/sci/fix-cnre/infinite/sbibm/2024-06-30/22-37-59/11,11
133,sir,2987908606,CNRE,99,99,100,1.0,0,False,128,3,5.2810364,27.299568684895835,0.61985,0.05870998,16.186415,,0.59465,0.01672721,22.090721,,0.645,0.053659976,21.330729,,0.6993,0.07977396,32.280025,,0.652,0.01608634,26.134268,,0.61295,0.009662032,24.959969,,0.7596,0.061561823,26.907248,,0.66355,0.027530193,24.228083,,0.6896,0.057133555,31.859064,,0.66585,0.10402936,22.891047,,,10000.0,/home/ben/sci/fix-cnre/infinite/sbibm/2024-06-30/22-37-59/7,7
134,sir,961431734,CNRE,99,99,100,1.0,0,False,128,3,5.324382,20.846913655598957,0.6662,0.06043303,17.944359,,0.7914,0.2478444,32.34965,,0.71955,0.08946264,20.14944,,0.7143,0.10814607,29.291637,,0.63745,0.016432762,25.15949,,0.62705,0.022607684,24.392622,,0.762,0.041903377,27.055498,,0.66765,0.03185737,23.685438,,0.7186,0.07824242,31.654383,,0.65795,0.041821003,23.27015,,,1000.0,/home/ben/sci/fix-cnre/infinite/sbibm/2024-06-30/22-37-59/3,3
135,sir,3469129949,CNRE,99,99,100,1.0,0,False,128,3,5.3639026,100.5936767578125,0.59085,0.03510928,16.186415,,0.556,0.009157419,21.213203,,0.57805,0.01702106,20.12461,,0.6161,0.026717782,26.776855,,0.60645,0.007332444,25.27845,,0.6269,0.011145711,24.41311,,0.6468,0.0033284426,22.93469,,0.60785,0.0063256025,23.086792,,0.6094,0.015046358,29.46184,,0.56375,0.009195924,23.0,,,100000.0,/home/ben/sci/fix-cnre/infinite/sbibm/2024-06-30/22-37-59/8,8
136,sir,2307214108,CNRE,99,99,100,1.0,0,False,128,3,-735.14105,20.705548095703126,0.9908,0.59296435,386.12692,,0.99605,0.5629102,403.78027,,0.99605,0.5746838,299.53967,,0.9979,0.56657374,418.71112,,0.9942,0.5450091,304.5751,,0.9935,0.5432296,287.26556,,0.99545,0.5446344,317.55472,,0.9933,0.54552746,253.37027,,0.9968,0.55744773,332.6199,,0.9895,0.5605517,452.52237,,,1000.0,/home/ben/sci/fix-cnre/infinite/sbibm/2024-06-30/22-37-59/6,6
137,sir,2920248074,CNRE,99,99,100,1.0,0,False,128,3,5.409383,99.732958984375,0.5397,0.004520297,16.462078,,0.5459,0.005107999,20.518284,,0.5646,0.0136528015,19.364916,,0.6241,0.050143957,25.942244,,0.58295,0.0016901493,24.959969,,0.6243,0.0112861395,24.166092,,0.67305,0.0144325495,23.398716,,0.6486,0.017672896,23.323807,,0.58505,0.006335616,28.42534,,0.5816,0.01147747,22.135944,,,100000.0,/home/ben/sci/fix-cnre/infinite/sbibm/2024-06-30/22-37-59/2,2
138,sir,585745907,CNRE,99,99,100,1.0,0,False,128,3,5.1578946,27.372662353515626,0.5983,0.03756225,16.492422,,0.5485,0.0038194656,21.095022,,0.66825,0.09171194,21.44761,,0.70565,0.08942628,33.007576,,0.61995,0.008260131,25.865034,,0.60975,0.0026117563,25.455845,,0.7048,0.01556325,25.288336,,0.6136,0.011855006,23.194826,,0.6716,0.039287508,31.264996,,0.6644,0.08677852,22.97825,,,10000.0,/home/ben/sci/fix-cnre/infinite/sbibm/2024-06-30/11-30-53/1,1
139,sir,3791849694,CNRE,99,99,100,1.0,0,False,128,3,4.5694427,20.85361531575521,0.7651,0.29347938,18.867962,,0.8028,0.31687874,31.168894,,0.72685,0.12451321,23.600847,,0.776,0.16734964,34.98571,,0.71925,0.06882441,25.337719,,0.7402,0.1154179,27.166155,,0.8043,0.043715835,29.647934,,0.70345,0.11741805,25.602734,,0.75315,0.10696906,34.705906,,0.7481,0.11172885,25.514702,,,1000.0,/home/ben/sci/fix-cnre/infinite/sbibm/2024-06-30/11-30-53/0,0
140,sir,36748491,CNRE,99,99,100,1.0,0,False,128,3,5.5024166,99.37976888020833,0.5569,0.0028623343,16.985281,,0.621,0.05945027,22.693611,,0.58275,0.022157073,19.748417,,0.6017,0.016057968,27.712812,,0.58955,0.0046350956,25.199205,,0.6307,0.011849284,25.019993,,0.655,0.0032849312,23.10844,,0.57305,0.0034902096,22.561028,,0.5856,0.008766174,29.715311,,0.6328,0.0369581,24.979992,,,100000.0,/home/ben/sci/fix-cnre/infinite/sbibm/2024-06-30/11-30-53/2,2
141,lotka_volterra,49217388,CNRE,99,99,100,1.0,0,False,128,3,8.81948,48.7091552734375,0.99445,0.4973159,12.981001,,0.99645,0.5753436,17.810978,,0.98745,0.2772382,17.14436,,0.995,0.4150201,410.6105,,0.96575,0.36191297,22.435467,,0.9891,0.47889283,32.172806,,0.9951,0.7187107,30.40982,,0.97075,0.48595923,22.575108,,0.97765,0.44177812,39.858192,,0.9963,0.50048393,46.94433,,,10000.0,/home/ben/sci/fix-cnre/infinite/sbibm/2024-06-30/11-30-32/1,1
142,lotka_volterra,4270272032,CNRE,99,99,100,1.0,0,False,128,3,3.9902937,39.81141357421875,0.9995,0.55344373,38.451714,,0.99905,0.5377981,66.37311,,0.9963,0.45486426,43.07648,,0.9997,0.55800855,601.1814,,0.99915,0.55305976,61.39463,,0.99955,0.5529839,66.76558,,0.99975,0.6284063,37.30674,,0.99465,0.50890017,49.36758,,0.9984,0.5211154,93.940735,,0.9988,0.5254102,131.44005,,,1000.0,/home/ben/sci/fix-cnre/infinite/sbibm/2024-06-30/11-30-32/0,0
143,lotka_volterra,1407345978,CNRE,99,99,100,1.0,0,False,128,3,9.904243,122.38736165364584,0.9847,0.41929212,9.496186,,0.9708,0.3461224,16.070375,,0.9588,0.25106698,17.857452,,0.99825,0.6168954,317.93213,,0.94835,0.28834522,17.18132,,0.97705,0.4424398,29.19957,,0.939,0.23061839,18.760176,,0.97435,0.23373133,22.666847,,0.96575,0.37621272,46.45268,,0.9469,0.21448612,31.226404,,,100000.0,/home/ben/sci/fix-cnre/infinite/sbibm/2024-06-30/11-30-32/2,2
144,slcp_distractors,390780769,CNRE,99,99,100,1.0,0,False,128,3,5.349974,330.19768880208335,0.84095,0.012227535,894.882,,0.7662,0.02093172,379.76816,,0.66745,0.0037549734,386.3615,,0.8928,0.04456222,570.77966,,0.6604,0.00589633,896.8783,,0.67035,0.010302901,347.09973,,0.9192,0.021627665,1076.6033,,0.85655,0.004181862,427.08606,,0.80765,0.041984677,712.0182,,0.8106,0.05795288,349.11047,,,100000.0,/home/ben/sci/fix-cnre/infinite/sbibm/2024-07-03/12-08-51/1,1
145,slcp_distractors,1283948261,CNRE,99,99,100,1.0,0,False,128,3,5.808021,331.5345703125,0.88365,0.009189844,894.98615,,0.6887,0.002647996,380.37048,,0.6801,0.006698847,387.40186,,0.9258,0.09999204,571.4363,,0.7053,0.029943228,897.9354,,0.6258,0.0020546913,345.98285,,0.9386,0.035802484,1077.8259,,0.88295,0.027476788,426.39166,,0.72755,0.006641865,711.9758,,0.78355,0.06787419,350.5188,,,100000.0,/home/ben/sci/fix-cnre/infinite/sbibm/2024-07-03/12-08-51/4,4
146,slcp_distractors,2131176914,CNRE,99,99,100,1.0,0,False,128,3,5.436075,318.61761067708335,0.81915,0.004470587,895.41846,,0.7138,0.009596944,379.79422,,0.7464,0.017382741,385.40363,,0.93695,0.24508262,569.1717,,0.88005,0.03643465,896.3816,,0.66465,0.0014662743,348.64017,,0.94075,0.012105703,1078.2041,,0.8208,0.013703704,425.86566,,0.7581,0.024037242,711.46686,,0.71355,0.019693255,349.3822,,,100000.0,/home/ben/sci/fix-cnre/infinite/sbibm/2024-07-03/12-08-51/0,0
147,slcp_distractors,775365938,CNRE,99,99,100,1.0,0,False,128,3,5.1775756,319.97747395833335,0.8441,0.017267227,894.31036,,0.6863,0.015015125,381.54785,,0.6468,0.0068959,385.37814,,0.91215,0.023119569,570.641,,0.7623,0.011435032,897.5586,,0.6842,0.0023703575,344.87982,,0.90915,0.015262485,1077.3083,,0.8494,0.0057543516,425.18362,,0.6764,0.0059711933,712.17834,,0.69575,0.008464932,349.565,,,100000.0,/home/ben/sci/fix-cnre/infinite/sbibm/2024-07-03/12-08-51/3,3
148,slcp_distractors,2103058752,CNRE,99,99,100,1.0,0,False,128,3,5.2045903,320.62278645833334,0.88055,0.03025055,893.81433,,0.7367,0.018541694,378.9442,,0.70805,0.031948328,386.88385,,0.92405,0.10770345,569.79443,,0.8107,0.02170229,896.81055,,0.65105,0.0039018393,344.6538,,0.92475,0.012151122,1077.0581,,0.8491,0.014070749,426.8385,,0.73715,0.024769425,711.84644,,0.8121,0.06532693,350.74454,,,100000.0,/home/ben/sci/fix-cnre/infinite/sbibm/2024-07-03/12-08-51/2,2
149,gaussian_mixture,420857320,CNRE,99,99,100,1.0,0,False,128,3,7.5621877,254.26165364583332,0.72975,0.085489035,0.3165515,,0.73185,0.08109963,0.2690054,,0.7286,0.07747352,0.3717028,,0.7287,0.0768677,0.3710966,,0.7196,0.07887602,0.212022,,0.73075,0.07750523,0.6003308,,0.7273,0.07778883,0.27671537,,0.723,0.07625663,0.2750142,,0.7394,0.07867801,0.81046665,,0.7074,0.0830034,0.37952238,,,100000.0,/home/ben/sci/fix-cnre/infinite/sbibm/2024-07-02_das5/08-51-33/5,5
150,gaussian_mixture,1672644408,CNRE,99,99,100,1.0,0,False,128,3,3.3864226,35.613338216145834,0.7758,0.20543063,1.393741,,0.74395,0.07838744,1.3817056,,0.7316,0.06388956,1.288986,,0.7367,0.09131515,1.3518891,,0.75245,0.15257591,1.498024,,0.72965,0.057130396,1.439436,,0.73835,0.078974605,1.1685629,,0.74655,0.11804563,1.477582,,0.7333,0.074279964,1.2734816,,0.76465,0.15851295,1.3326857,,,1000.0,/home/ben/sci/fix-cnre/infinite/sbibm/2024-07-02_das5/08-51-33/9,9
151,gaussian_mixture,4253427680,CNRE,99,99,100,1.0,0,False,128,3,7.1888714,51.62397054036458,0.7691,0.056839705,0.522167,,0.78125,0.077487946,0.65468943,,0.7757,0.07795966,0.4235768,,0.7472,0.07210493,0.37353128,,0.78025,0.07606053,0.40697694,,0.71775,0.074174404,0.28496265,,0.7394,0.07527912,0.29870942,,0.71325,0.07156217,0.34766078,,0.7651,0.07647848,1.0944891,,0.79,0.082920074,0.47652972,,,10000.0,/home/ben/sci/fix-cnre/infinite/sbibm/2024-07-02_das5/08-51-33/10,10
152,gaussian_mixture,252103852,CNRE,99,99,100,1.0,0,False,128,3,3.5209382,51.714237467447916,0.7832,0.23906344,1.6028452,,0.75295,0.123743296,1.4448313,,0.73555,0.07989973,1.4324237,,0.73885,0.09678775,1.2938983,,0.75015,0.106449306,1.3890834,,0.74065,0.09832448,1.3167508,,0.737,0.08289951,1.4073119,,0.7465,0.098416805,1.4783026,,0.73225,0.07453334,1.3403527,,0.77485,0.1967622,1.2813071,,,10000.0,/home/ben/sci/fix-cnre/infinite/sbibm/2024-07-02_das5/08-51-33/1,1
153,gaussian_mixture,2230444012,CNRE,99,99,100,1.0,0,False,128,3,7.5554614,58.870707194010414,0.7734,0.09884989,0.84525204,,0.71915,0.07024133,0.3703578,,0.7183,0.074450016,0.8424938,,0.8033,0.082826495,0.6308365,,0.7203,0.06183648,0.35369655,,0.7262,0.07449508,0.39067286,,0.72385,0.07588935,0.613644,,0.763,0.08175421,0.43006206,,0.72775,0.07589555,0.30985403,,0.74135,0.041647434,0.50915265,,,10000.0,/home/ben/sci/fix-cnre/infinite/sbibm/2024-07-02_das5/08-51-33/4,4
154,gaussian_mixture,4093452977,CNRE,99,99,100,1.0,0,False,128,3,3.2312262,38.35563557942708,0.78635,0.24547532,1.485727,,0.74615,0.105697334,1.293659,,0.73415,0.0655576,1.2927299,,0.744,0.09610945,1.4273026,,0.7647,0.13718772,1.3313094,,0.7316,0.05624777,1.2041894,,0.7418,0.1040172,1.4851336,,0.7453,0.12722838,1.5707886,,0.7284,0.048830867,1.2511401,,0.7838,0.2264365,1.3629614,,,1000.0,/home/ben/sci/fix-cnre/infinite/sbibm/2024-07-02_das5/08-51-33/0,0
155,gaussian_mixture,2346689974,CNRE,99,99,100,1.0,0,False,128,3,7.269359,56.876277669270834,0.81505,0.09757459,0.55437434,,0.77295,0.07550776,0.47578508,,0.72065,0.07160354,0.2479436,,0.76605,0.08282983,0.84647965,,0.7087,0.06285179,0.3714322,,0.72,0.074525476,0.40239662,,0.79165,0.08400321,0.4364124,,0.7746,0.08122158,0.3640094,,0.7375,0.0728482,0.32357633,,0.75525,0.0522213,0.4982693,,,10000.0,/home/ben/sci/fix-cnre/infinite/sbibm/2024-07-02_das5/08-51-33/13,13
156,gaussian_mixture,2886318021,CNRE,99,99,100,1.0,0,False,128,3,7.605772,259.52008463541665,0.6763,0.074499965,0.60797006,,0.7194,0.07554066,0.61605525,,0.7304,0.078238964,0.27480614,,0.723,0.076746106,0.29833513,,0.7152,0.0768497,0.83193946,,0.73015,0.07684958,0.37698781,,0.763,0.08312869,0.30491912,,0.7376,0.07911503,0.37282926,,0.72985,0.07811046,0.28376704,,0.7702,0.0890435,0.61743927,,,100000.0,/home/ben/sci/fix-cnre/infinite/sbibm/2024-07-02_das5/08-51-33/11,11
157,gaussian_mixture,3804457105,CNRE,99,99,100,1.0,0,False,128,3,3.3371837,51.338358561197914,0.77955,0.219922,1.2789359,,0.75215,0.10188639,1.3564656,,0.7388,0.094287395,1.352884,,0.73645,0.08683473,1.3634858,,0.74975,0.11059284,1.2886653,,0.7365,0.07700807,1.5444405,,0.74235,0.08774066,1.2087939,,0.74425,0.11272472,1.2763143,,0.73775,0.084210634,1.3392954,,0.77085,0.17294854,1.404102,,,10000.0,/home/ben/sci/fix-cnre/infinite/sbibm/2024-07-02_das5/08-51-33/7,7
158,gaussian_mixture,1527681381,CNRE,99,99,100,1.0,0,False,128,3,3.420829,251.06739908854166,0.77335,0.18413502,1.3210799,,0.74735,0.09668589,1.3172545,,0.73845,0.09128964,1.3628597,,0.7336,0.07555908,1.3672552,,0.7512,0.106893,1.212502,,0.7347,0.074451625,1.335328,,0.74165,0.092106104,1.2815344,,0.7415,0.08797568,1.3804798,,0.7378,0.08903974,1.4172509,,0.7699,0.16074067,1.379356,,,100000.0,/home/ben/sci/fix-cnre/infinite/sbibm/2024-07-02_das5/08-51-33/8,8
159,gaussian_mixture,3467379358,CNRE,99,99,100,1.0,0,False,128,3,3.1699328,35.283671061197914,0.77945,0.21432883,1.396539,,0.75055,0.09903592,1.3251584,,0.73285,0.06905794,1.2980655,,0.7346,0.09289187,1.3080375,,0.7622,0.08054292,1.2761326,,0.73635,0.06987494,1.3128948,,0.7373,0.103132844,1.353528,,0.7424,0.085595846,1.4108647,,0.73185,0.074160516,1.2293637,,0.77435,0.14109373,1.2540436,,,1000.0,/home/ben/sci/fix-cnre/infinite/sbibm/2024-07-02_das5/08-51-33/12,12
160,gaussian_mixture,1210963804,CNRE,99,99,100,1.0,0,False,128,3,3.3518605,255.18098958333334,0.77505,0.16811681,1.457121,,0.75005,0.08667344,1.2840407,,0.73735,0.08987361,1.3648351,,0.7374,0.08638865,1.338414,,0.7464,0.11018032,1.2533352,,0.7339,0.073443115,1.2802404,,0.742,0.10168356,1.5232892,,0.7448,0.096961856,1.4794679,,0.73525,0.08727896,1.3249804,,0.76775,0.13545573,1.0890749,,,100000.0,/home/ben/sci/fix-cnre/infinite/sbibm/2024-07-02_das5/08-51-33/14,14
161,gaussian_mixture,2232785769,CNRE,99,99,100,1.0,0,False,128,3,3.259062,33.580997721354166,0.776,0.17399615,1.4572833,,0.75655,0.1267007,1.3513689,,0.73495,0.06999946,1.2636011,,0.7401,0.09844494,1.5831554,,0.75045,0.103291154,1.2790401,,0.73305,0.07941747,1.2327754,,0.73815,0.08982402,1.2503318,,0.7515,0.10411185,1.193008,,0.733,0.07941347,1.3113096,,0.76675,0.16390812,1.3403997,,,1000.0,/home/ben/sci/fix-cnre/infinite/sbibm/2024-07-02_das5/08-51-33/6,6
162,gaussian_mixture,2676049473,CNRE,99,99,100,1.0,0,False,128,3,3.2930584,256.4300130208333,0.77665,0.19703424,1.3365762,,0.7494,0.0879972,1.2122983,,0.73735,0.08780241,1.3908644,,0.73735,0.07423693,1.2931013,,0.7463,0.094154,1.2976928,,0.7319,0.07290971,1.4105511,,0.7396,0.07880241,1.4381852,,0.7421,0.085451126,1.2841568,,0.73255,0.08473271,1.448864,,0.76415,0.1278044,1.0685549,,,100000.0,/home/ben/sci/fix-cnre/infinite/sbibm/2024-07-02_das5/08-51-33/2,2
163,slcp_distractors,786646383,CNRE,99,99,100,1.0,0,False,128,3,0.2733467,49.53536783854167,0.99015,0.12954795,895.08704,,0.9828,0.19797575,382.31616,,0.9711,0.057058454,385.24408,,0.9908,0.3018786,570.33,,0.9739,0.09412038,897.55133,,0.9669,0.14339393,347.80392,,0.99325,0.0973376,1077.5834,,0.99065,0.14289308,426.274,,0.9742,0.28935033,712.719,,0.9694,0.3594309,349.22336,,,1000.0,/home/ben/sci/fix-cnre/infinite/sbibm/2024-07-02_snellius/15-31-15/9,9
164,slcp_distractors,79138878,CNRE,99,99,100,1.0,0,False,128,3,1.7913593,57.035160319010416,0.9844,0.27420568,894.7555,,0.972,0.28381693,380.9469,,0.94165,0.049178243,387.56238,,0.989,0.1788711,570.43774,,0.9006,0.057427287,896.4682,,0.93565,0.068131804,345.6997,,0.99315,0.1480403,1076.6047,,0.95645,0.042178035,425.72174,,0.9642,0.23296392,712.2628,,0.94475,0.18117404,349.46893,,,10000.0,/home/ben/sci/fix-cnre/infinite/sbibm/2024-07-02_snellius/15-31-15/10,10
165,slcp_distractors,13295773,CNRE,99,99,100,1.0,0,False,128,3,2.1526885,56.16153564453125,0.9783,0.09493673,894.1659,,0.94495,0.059401274,378.471,,0.9397,0.09046197,386.73303,,0.97725,0.09792042,570.4829,,0.9569,0.0737437,897.7351,,0.94885,0.076179504,345.95062,,0.9827,0.117476106,1077.4163,,0.9704,0.09042752,423.6634,,0.97395,0.19072402,712.07935,,0.9345,0.16689807,354.10562,,,10000.0,/home/ben/sci/fix-cnre/infinite/sbibm/2024-07-02_snellius/15-31-15/1,1
166,slcp_distractors,3506453244,CNRE,99,99,100,1.0,0,False,128,3,2.0523522,61.11025797526042,0.9764,0.123080015,894.4105,,0.95805,0.15295136,379.5177,,0.9218,0.03817737,387.92126,,0.98355,0.24640405,571.8978,,0.92365,0.13474417,897.60693,,0.94715,0.063696384,345.7982,,0.97705,0.21240032,1077.3218,,0.97125,0.11016905,425.9992,,0.97275,0.26914018,711.59717,,0.94195,0.23008376,347.9605,,,10000.0,/home/ben/sci/fix-cnre/infinite/sbibm/2024-07-02_snellius/15-31-15/4,4
167,slcp_distractors,4095696188,CNRE,99,99,100,1.0,0,False,128,3,0.77512527,49.32721761067708,0.99,0.16501379,895.48474,,0.9857,0.22959125,382.19757,,0.97385,0.10290861,385.73087,,0.9877,0.3500465,571.0301,,0.96935,0.07496774,897.4751,,0.96535,0.15812838,346.1429,,0.9944,0.17361951,1077.2878,,0.9911,0.11684847,425.66864,,0.96525,0.17983323,712.03455,,0.9563,0.24776125,349.9274,,,1000.0,/home/ben/sci/fix-cnre/infinite/sbibm/2024-07-02_snellius/15-31-15/0,0
168,slcp_distractors,4142825856,CNRE,99,99,100,1.0,0,False,128,3,1.550819,55.68409016927083,0.9849,0.18374717,895.4746,,0.96505,0.12845433,378.86548,,0.90995,0.032538533,386.76154,,0.9845,0.28795433,570.1983,,0.9453,0.10320091,896.6986,,0.96035,0.046734095,346.02075,,0.98375,0.18553197,1077.8695,,0.9608,0.07649195,426.78024,,0.96425,0.22111666,712.4946,,0.9426,0.21280676,350.66925,,,10000.0,/home/ben/sci/fix-cnre/infinite/sbibm/2024-07-02_snellius/15-31-15/13,13
169,slcp_distractors,3964075832,CNRE,99,99,100,1.0,0,False,128,3,2.0068426,55.705729166666664,0.9789,0.26634443,894.68536,,0.9451,0.10588956,380.74725,,0.89955,0.035555482,388.26453,,0.9837,0.0730499,572.089,,0.92465,0.08625531,896.947,,0.9218,0.07002258,347.17722,,0.9812,0.12747574,1076.294,,0.96185,0.038134694,426.68307,,0.9568,0.14356375,711.67126,,0.9256,0.16371167,351.25977,,,10000.0,/home/ben/sci/fix-cnre/infinite/sbibm/2024-07-02_snellius/15-31-15/7,7
170,slcp_distractors,4020190003,CNRE,99,99,100,1.0,0,False,128,3,0.32471037,49.827685546875,0.98905,0.11408484,895.52026,,0.98215,0.24490666,377.9869,,0.97425,0.084993005,387.38782,,0.991,0.30650494,571.38965,,0.9729,0.08332384,896.3883,,0.964,0.10321331,347.61374,,0.99255,0.0688808,1076.2231,,0.9902,0.15813887,425.94635,,0.966,0.15267718,711.48315,,0.9705,0.35479134,350.2146,,,1000.0,/home/ben/sci/fix-cnre/infinite/sbibm/2024-07-02_snellius/15-31-15/3,3
171,slcp_distractors,1768379448,CNRE,99,99,100,1.0,0,False,128,3,0.39693305,52.13924560546875,0.99005,0.1399436,895.41235,,0.98605,0.25868213,379.20526,,0.9764,0.11961329,387.4184,,0.9914,0.34821892,571.0315,,0.9726,0.099514365,896.3535,,0.97325,0.18663067,347.16254,,0.99365,0.11723137,1077.1852,,0.9916,0.16139364,426.76917,,0.96915,0.20771956,711.6465,,0.9726,0.3828036,348.45355,,,1000.0,/home/ben/sci/fix-cnre/infinite/sbibm/2024-07-02_snellius/15-31-15/12,12
172,slcp_distractors,518749385,CNRE,99,99,100,1.0,0,False,128,3,0.47068486,49.53354085286458,0.98905,0.12856364,895.6916,,0.9828,0.19779396,377.93658,,0.9726,0.06242025,385.43463,,0.991,0.3421638,571.90594,,0.97395,0.07274175,896.59436,,0.96945,0.15214878,348.21118,,0.9929,0.11040497,1075.5862,,0.98965,0.1452657,425.72015,,0.96935,0.22643167,713.0737,,0.97065,0.32155654,351.15338,,,1000.0,/home/ben/sci/fix-cnre/infinite/sbibm/2024-07-02_snellius/15-31-15/6,6
